"GHN001","今までなかった緑茶","850ml","530","パン・オ・レザン・ガレット・デ・ロワケミカル 株式会社","平成12年10月"
"KOW002","熟成お酢","1100ml","940","あかなす食品工業 株式会社","平成20年07月"
"HXY003","健やかチョコレート","600g","1,670","株式会社 むらまつ化学","平成15年12月"
"FGO004","ヘルシー抹茶","1000ml","1,470"," 株式会社 イナバフード","平成16年11月"
"DOP005","デラックス紅茶","1150ml","350","あかし化学 株式会社","平成15年12月"
"DKN006","からだよろこぶバター","900g","1,120","株式会社 落合乳業","平成17年08月"
"HLR007","最高級オリーブオイル","650ml","1,420","池田食品工業 株式会社","平成15年04月"
"DKV008","徳用豆乳","450ml","640","株式会社 荒木食品","平成20年12月"
"GRS009","みんなのチーズ","550g","1,730"," 株式会社 クイニーアマン産業","平成18年03月"
"ACN010","デリシャス塩","350g","1,170","アカマツ製糖 株式会社","平成19年02月"
"CMW011","ミルキーお茶","1150ml","360","株式会社 今野・こんの製糖","平成22年05月"
"GIW012","オリジナルマーガリン","1000g","560","ミカミフード 株式会社","平成20年03月"
"KLM013","プレミアムコーヒー牛乳","500ml","650","株式会社 ヴァイツェンブロート乳業","平成20年09月"
"BUY014","極上ガーリック","800g","1,670"," 株式会社 ライン乳業","平成13年03月"
"AJR015","純正スライスチーズ","900g","520"," 長谷川ケミカル 株式会社","平成22年07月"
"AEU016","大自然の牛乳","550ml","580","株式会社 はたなか・秋元食品工業","平成19年02月"
"APY017","健康コーヒー","1000ml","1,090","株式会社 あらき水産","平成17年03月"
"AJK018","フレッシュウーロン茶","800ml","520","株式会社 池田ケミカル","平成18年10月"
"EKU019","天然ミネラルウォーター","850ml","1,180","こんのサイエンス 株式会社","平成16年08月"
"AIK020","奇跡のジャム","950g","940"," つつみ食品工業 株式会社","平成14年07月"
"ELV021","おいしい粉チーズ","900g","1,630","株式会社 あらき化学","平成12年01月"
"IPS022","大自然がくれたチーズ","650g","1,140","ふじた食品 株式会社","平成17年02月"
"FMQ023","エクストラチョコレート","350g","990"," 株式会社 ふじさわバイオ","平成21年01月"
"COQ024","高級ガーリック","350g","1,680"," 山田製パン 株式会社","平成21年11月"
"DLS025","からだにやさしいミネラルウォーター","500ml","1,040","株式会社 しらかわ水産","平成14年06月"
"BFG026","極旨コーヒー","550ml","330","株式会社 大崎ケミカル","平成18年11月"
"AOX027","料理用マーガリン","700g","610","株式会社 おかの乳業","平成20年03月"
"EKU028","天然コーヒー牛乳","600ml","780"," 後藤製糖 株式会社","平成18年10月"
"JRZ029","今までなかった緑茶","750ml","650","株式会社 アイ・ビーフード","平成21年03月"
"CDY030","フレッシュオリーブオイル","400ml","1,150","アイ・ビーケミカル 株式会社","平成18年08月"
"AMS031","天然コーヒー","1050ml","1,210"," 株式会社 はたなかケミカル","平成12年07月"
"IJT032","オリジナル紅茶","1050ml","1,130","株式会社 堤乳業","平成22年03月"
"GNW033","健やかバター","950g","1,710","さざなみ産業 株式会社","平成18年11月"
"DHU034","おいしいお酢","1100ml","900","株式会社 あさぎり・さざなみ食品工業","平成17年01月"
"BCM035","今までなかったチョコレート","300g","1,780","株式会社 大崎ケミカル","平成19年10月"
"ASV036","最高級チーズ","450g","570"," 株式会社 藤田食品工業","平成17年09月"
"FQZ037","奇跡のコーヒー牛乳","350ml","620"," スフィアボトリング 株式会社","平成17年05月"
"KXY038","大自然のバター","400g","440","株式会社 こんのケミカル","平成13年02月"
"FIU039","高級オリーブオイル","750ml","1,060"," 甲斐食品工業 株式会社","平成22年07月"
"KVX040","高級牛乳","1050ml","1,200"," 三上化学工業 株式会社","平成17年12月"
"ADR041","ヘルシーバター","650g","860"," サヴァラン食品 株式会社","平成18年05月"
"JOV042","今までなかったチョコレート","700g","790","株式会社 アオバナ水産","平成20年02月"
"ADK043","大自然がくれたバター","850g","860"," キプフェル化学 株式会社","平成15年01月"
"KOT044","極上チーズ","650g","850","株式会社 藤田水産","平成13年05月"
"BHP045","高級チョコレート","800g","300","株式会社 野崎ボトリング","平成12年06月"
"DSV046","プレミアムコーヒー","750ml","780","キプフェルフード 株式会社","平成18年02月"
"EQR047","大自然がくれたチョコレート","500g","1,120","株式会社 くろまつ食品工業","平成18年07月"
"BCF048","デラックスチーズ","600g","1,700","安達・あだち食品 株式会社","平成13年08月"
"ORU049","プレミアムバター","1100g","1,500","ごとうケミカル 株式会社","平成19年02月"
"OSW050","大自然の紅茶","550ml","1,030","トライアングルフード 株式会社","平成18年02月"
"EOR051","フレッシュコーヒー牛乳","1100ml","1,240","株式会社 藤沢ケミカル","平成12年10月"
"BEX052","極旨塩","550g","720"," あかばな化学 株式会社","平成18年04月"
"DIS053","高級お茶","550ml","1,110","山崎バイオ 株式会社","平成16年03月"
"EIU054","徳用塩","750g","1,580","やまだ・中島食品工業 株式会社","平成17年03月"
"CFJ055","大自然がくれたガーリック","1200g","830"," アラキケミカル 株式会社","平成18年12月"
"HRT056","最高級スライスチーズ","1200g","1,470"," 株式会社 後藤水産","平成15年12月"
"IKM057","おいしいスライスチーズ","450g","970"," アキモトフード 株式会社","平成21年02月"
"LSV058","今までなかったウーロン茶","550ml","1,730","株式会社 アカシ化成工業","平成21年06月"
"NSY059","純正チョコレート","600g","1,760"," 株式会社 山崎ボトリング","平成20年03月"
"BRX060","健康チョコレート","400g","1,120"," 荒木製糖 株式会社","平成22年08月"
"CJK061","デラックスチーズ","1000g","830"," 株式会社 よしおかケミカル","平成22年02月"
"ADJ062","料理用抹茶","1050ml","300","吉岡水産 株式会社","平成19年01月"
"EGS063","大自然がくれたスライスチーズ","600g","640","株式会社 あおばな乳業","平成12年01月"
"JUY064","熟成抹茶","1100ml","1,760","株式会社 アイ・ビーケミカル","平成15年04月"
"EIS065","天然バター","650g","1,430","株式会社 ニシオ水産","平成19年09月"
"BFP066","今までなかったスライスチーズ","550g","520","さざなみ冷凍食品 株式会社","平成12年05月"
"JNZ067","奇跡のオリーブオイル","600ml","1,800"," 株式会社 堤化学","平成18年09月"
"HKS068","大自然がくれた粉チーズ","1100g","1,200","株式会社 アイ・ビーフード","平成16年02月"
"DGO069","熟成牛乳","800ml","550"," ライン化学 株式会社","平成12年03月"
"BSY070","エクストラ塩","700g","600"," 株式会社 そよかぜケミカル","平成14年01月"
"DHU071","極上スライスチーズ","1150g","370","くろまつケミカル 株式会社","平成15年11月"
"FGX072","高級粉チーズ","1100g","520","あきもと食品工業 株式会社","平成20年10月"
"GNP073","おいしいジャム","1100g","1,250","株式会社 ナカジマ食品工業","平成20年07月"
"CKZ074","フレッシュお茶","450ml","970"," アカバナケミカル 株式会社","平成17年10月"
"ORT075","極旨バター","550g","430"," 株式会社 白川ボトリング","平成22年10月"
"SVX076","徳用お茶","1050ml","580","藤田食品工業 株式会社","平成15年03月"
"KLU077","極上スライスチーズ","650g","740"," にしお水産 株式会社","平成19年05月"
"JKP078","みんなのジャム","500g","930","中島乳業 株式会社","平成19年02月"
"BDS079","天然牛乳","1050ml","880"," 株式会社 秋元食品工業","平成19年06月"
"DEV080","健やかスライスチーズ","800g","1,710","株式会社 ふじた食品","平成22年08月"
"HOX081","熟成豆乳","850ml","1,760","後藤製糖 株式会社","平成12年08月"
"BRU082","徳用チョコレート","500g","1,280"," 株式会社 藤沢冷凍食品","平成20年09月"
"FGW083","からだよろこぶ抹茶","800ml","1,320","堤化学 株式会社","平成13年03月"
"EFG084","ヘルシー牛乳","350ml","410","株式会社 あかなすボトリング","平成20年01月"
"BLY085","徳用ミネラルウォーター","950ml","1,770"," ババ・クイニーアマンフード 株式会社","平成17年09月"
"KPR086","今までなかった豆乳","600ml","1,330"," 株式会社 むらまつ化学","平成14年08月"
"IPR087","からだにやさしいオリーブオイル","700ml","690","株式会社 むらまつ化学","平成15年03月"
"HKY088","最高級チョコレート","900g","470","クロマツ化学 株式会社","平成12年08月"
"CIY089","ミルキー抹茶","700ml","380"," やまさき・なかじま乳業 株式会社","平成12年05月"
"GPX090","今までなかったバター","1200g","410","株式会社 ヴァイツェンブロート化学","平成22年09月"
"IRT091","料理用お酢","900ml","620","キプフェル化学 株式会社","平成14年08月"
"ADW092","熟成チーズ","300g","1,420","株式会社 大橋・荒木水産","平成13年04月"
"ADX093","デラックスチーズ","650g","580","株式会社 中島化学","平成18年05月"
"BWY094","デリシャスお茶","1050ml","670","ヴァイツェンブロート食品工業 株式会社","平成14年12月"
"GSU095","エクストラガーリック","550g","1,750"," 株式会社 はたなか産業","平成22年01月"
"AEX096","健やか粉チーズ","800g","590","堤食品 株式会社","平成17年10月"
"FMZ097","高級チーズ","300g","1,030","株式会社 ライン化学","平成16年09月"
"ACY098","健康紅茶","1000ml","490","株式会社 フジタ水産","平成18年06月"
"MWY099","からだよろこぶ牛乳","650ml","1,750","株式会社 藤田水産","平成18年09月"
"CDO100","プレミアムチーズ","1200g","1,360","株式会社 にしおケミカル","平成13年10月"
"BDZ101","今までなかったガーリック","400g","860"," スポッティングアプリコット水産 株式会社","平成17年02月"
"EFZ102","ヘルシー塩","400g","720","ニシオ水産 株式会社","平成19年03月"
"FHS103","フレッシュお茶","750ml","700","小池乳業 株式会社","平成22年06月"
"LMT104","オリジナルスライスチーズ","350g","640"," 株式会社 アルーラアルマダ乳業","平成19年09月"
"DSV105","デラックス抹茶","750ml","1,180"," 株式会社 ふくなが化学工業","平成12年11月"
"HJK106","おいしいチョコレート","650g","1,170"," あきもとケミカル 株式会社","平成20年01月"
"GPS107","からだよろこぶミネラルウォーター","1050ml","1,770","はたなか食品工業 株式会社","平成16年01月"
"OUV108","みんなのお酢","600ml","750"," コットンコナマルチ・彩華フード 株式会社","平成19年04月"
"AIY109","プレミアム豆乳","400ml","1,730","株式会社 竹内ケミカル","平成18年12月"
"BLS110","天然コーヒー","500ml","1,480","かねこ乳業 株式会社","平成17年08月"
"CNU111","健やか粉チーズ","950g","1,290","株式会社 アーバンライフ製糖","平成18年02月"
"ELO112","健康オリーブオイル","1200ml","1,560","ハヤシダフード 株式会社","平成13年05月"
"IOP113","ミルキー緑茶","350ml","600"," 西尾フード 株式会社","平成21年07月"
"GLZ114","大自然の牛乳","450ml","1,510"," 松浦・吉岡バイオ 株式会社","平成13年10月"
"CJX115","奇跡のコーヒー牛乳","1100ml","370","アバランジェ食品工業 株式会社","平成16年11月"
"GMV116","エクストラウーロン茶","600ml","1,470","松浦食品工業 株式会社","平成15年06月"
"MOQ117","大自然がくれたマーガリン","1000g","1,370","株式会社 スポッティングアプリコットフード","平成12年07月"
"AHM118","最高級紅茶","1100ml","930","株式会社 保坂乳業","平成17年04月"
"JKN119","徳用チーズ","1000g","1,420","株式会社 ニシオ化学","平成15年08月"
"FLZ120","極上ジャム","950g","1,190","株式会社 アレグラアンナケミカル","平成16年03月"
"FMO121","極旨バター","1100g","1,020"," 株式会社 大崎乳業","平成14年03月"
"KNO122","料理用牛乳","1200ml","1,460","株式会社 たちばな・井出ケミカル","平成16年06月"
"EHV123","デリシャス抹茶","1050ml","1,190"," 株式会社 和田食品工業","平成20年05月"
"IST124","純正お茶","850ml","980","株式会社 おおはら・ふくなが乳業","平成20年01月"
"FHO125","高級塩","300g","1,380"," ほさか食品工業 株式会社","平成22年02月"
"IVW126","からだにやさしい紅茶","600ml","1,690"," あいばな化学工業 株式会社","平成18年04月"
"GQU127","熟成コーヒー","850ml","1,760","カノンコージィクランツサイエンス 株式会社","平成18年05月"
"MQZ128","奇跡のお酢","1150ml","1,110","にしお水産 株式会社","平成16年12月"
"GQY129","健やかガーリック","900g","510","福永水産 株式会社","平成22年12月"
"NVY130","最高級ジャム","700g","560"," 株式会社 スポッティングアプリコット食品工業","平成15年12月"
"AVX131","オリジナルオリーブオイル","550ml","930","ふくながフード 株式会社","平成20年04月"
"AFG132","最高級オリーブオイル","1050ml","880","西尾化学工業 株式会社","平成13年03月"
"JQR133","ミルキーお茶","1150ml","400"," 有馬バイオ 株式会社","平成18年10月"
"ILZ134","高級チーズ","600g","1,320","株式会社 アバランジェ・アぺリオレッド製糖","平成14年12月"
"DPX135","料理用緑茶","700ml","830"," サニーシェーンボルドーケミカル 株式会社","平成19年04月"
"LQS136","今までなかったコーヒー","450ml","1,220"," 株式会社 はやしだ食品工業","平成22年12月"
"AET137","最高級コーヒー","800ml","1,000","株式会社 ウェストランド食品工業","平成18年08月"
"AHJ138","健康オリーブオイル","400ml","490","株式会社 アレグラアンナケミカル","平成15年06月"
"JWY139","純正豆乳","1150ml","1,430"," にしお化学 株式会社","平成12年09月"
"QVX140","デラックススライスチーズ","450g","300"," よしおか化学 株式会社","平成16年08月"
"IQS141","最高級バター","1100g","1,700","株式会社 荒木フード","平成14年04月"
"JUX142","熟成ウーロン茶","1150ml","560","株式会社 福永製糖","平成18年03月"
"LNU143","熟成お茶","1100ml","1,390"," 株式会社 大崎ケミカル","平成19年11月"
"FJR144","みんなのチョコレート","450g","1,480"," 株式会社 アレグラアンナ食品工業","平成13年07月"
"CUY145","デリシャスコーヒー牛乳","450ml","760","フクナガ産業 株式会社","平成20年09月"
"IPR146","デラックスお酢","1050ml","1,590","株式会社 ほさかケミカル","平成13年09月"
"FLR147","熟成抹茶","1050ml","490","はやしだ食品工業 株式会社","平成16年03月"
"KSY148","奇跡のジャム","1150g","1,540"," 株式会社 アオカズラケミカル","平成19年01月"
"NOW149","最高級紅茶","1200ml","770"," 株式会社 ふくなが乳業","平成18年05月"
"BJV150","健やかスライスチーズ","350g","1,210","秋元食品 株式会社","平成19年10月"
"QRV151","極旨コーヒー","350ml","340"," 株式会社 白川・はたなか乳業","平成16年05月"
"HWY152","からだよろこぶマーガリン","1000g","610","株式会社 内海・白川バイオ","平成18年05月"
"PRZ153","大自然の粉チーズ","1200g","370"," 林田水産 株式会社","平成21年07月"
"FSX154","みんなの粉チーズ","700g","1,380"," 株式会社 スポッティングアプリコットフード","平成15年11月"
"KOT155","料理用コーヒー牛乳","950ml","1,240"," おおはら・ふくなが水産 株式会社","平成21年10月"
"EFN156","大自然がくれた紅茶","800ml","760"," スポッティングアプリコット乳業 株式会社","平成16年05月"
"ANU157","純正チーズ","1000g","1,230"," 株式会社 あおい食品工業","平成18年04月"
"CRY158","純正オリーブオイル","1050ml","480"," 株式会社 荒木製糖","平成17年03月"
"BNR159","デラックス緑茶","800ml","1,030"," ほさかフード 株式会社","平成18年05月"
"HPR160","エクストラチョコレート","750g","1,320","アペリオレッド乳業 株式会社","平成18年10月"
"HKM161","ヘルシージャム","350g","1,050"," 金子乳業 株式会社","平成16年06月"
"EGP162","からだにやさしいガーリック","350g","520"," 松浦・よしおか水産 株式会社","平成16年06月"
"OPS163","天然バター","450g","970"," 株式会社 保坂化学工業","平成15年11月"
"CEV164","フレッシュお茶","600ml","1,730"," かねこ化学 株式会社","平成19年04月"
"INY165","フレッシュお茶","900ml","1,650","シャーリースカッシュ・スポッティングアプリコット乳業 株式会社","平成20年08月"
"INR166","奇跡のチーズ","1150g","700"," シャーリースカッシュ食品工業 株式会社","平成21年02月"
"IPX167","おいしいコーヒー牛乳","500ml","640","林田フード 株式会社","平成18年02月"
"FGO168","からだにやさしいウーロン茶","300ml","1,370","株式会社 あきもと乳業","平成21年07月"
"FOT169","エクストラジャム","600g","1,130","シャーリースカッシュ水産 株式会社","平成13年01月"
"CMQ170","高級コーヒー牛乳","1150ml","670","アルストロメリア化学工業 株式会社","平成21年06月"
"BCI171","からだにやさしい抹茶","700ml","1,620","たけうち食品工業 株式会社","平成19年01月"
"BLQ172","純正チーズ","600g","1,500","株式会社 今野食品工業","平成12年11月"
"NPR173","奇跡のチーズ","700g","1,150","株式会社 ミカミ製糖","平成12年07月"
"NOZ174","天然コーヒー牛乳","1200ml","1,230"," 株式会社 金子ケミカル","平成19年09月"
"JQU175","純正バター","300g","1,510","井出乳業 株式会社","平成13年01月"
"BMV176","大自然がくれたチーズ","300g","990","株式会社 コットンコナマルチ・シルククロツシェケミカル","平成18年08月"
"NTZ177","デラックスジャム","850g","1,140","株式会社 スポッティングアプリコット乳業","平成14年10月"
"BLU178","高級豆乳","300ml","840","コルドバサクラコ水産 株式会社","平成16年10月"
"BYZ179","奇跡のバター","500g","810"," 畑中水産 株式会社","平成21年01月"
"FMN180","今までなかったコーヒー","950ml","950"," いで食品 株式会社","平成19年04月"
"BEH181","ミルキー豆乳","850ml","1,200"," 株式会社 横井食品工業","平成16年08月"
"ENO182","奇跡のバター","1100g","1,130","株式会社 アぺリオレッド食品","平成22年12月"
"CWZ183","エクストラチーズ","650g","1,430","かねこ乳業 株式会社","平成14年09月"
"EPW184","からだにやさしい牛乳","1150ml","1,040","秋元水産 株式会社","平成19年03月"
"EGU185","からだよろこぶガーリック","700g","780","株式会社 いで化学","平成20年08月"
"EJK186","今までなかったコーヒー","500ml","1,600","竹内食品工業 株式会社","平成18年12月"
"FMY187","熟成オリーブオイル","300ml","580","株式会社 吉岡乳業","平成18年03月"
"NXZ188","ヘルシーウーロン茶","650ml","1,550","アラキケミカル 株式会社","平成12年09月"
"HLM189","からだよろこぶコーヒー","300ml","940","株式会社 荒木製糖","平成19年07月"
"DPZ190","フレッシュスライスチーズ","400g","310","株式会社 ほさかケミカル","平成14年02月"
"DHI191","今までなかったチーズ","1150g","1,220","株式会社 アスペンアズーロ乳業","平成22年03月"
"HQY192","おいしいスライスチーズ","700g","1,080","あいばなフード 株式会社","平成16年06月"
"GXY193","健やかウーロン茶","350ml","440"," あらきフード 株式会社","平成18年06月"
"FHV194","極旨オリーブオイル","650ml","360","株式会社 福永サイエンス","平成15年02月"
"EOY195","からだにやさしい塩","500g","440","株式会社 ラパズレッドシェード・アスペンアズーロ冷凍食品","平成16年01月"
"KTU196","おいしいお茶","700ml","740","田代乳業 株式会社","平成14年04月"
"FGU197","デリシャスミネラルウォーター","650ml","1,670"," アオカズラ乳業 株式会社","平成22年01月"
"GIJ198","最高級バター","650g","960","よしおか産業 株式会社","平成20年03月"
"AEO199","極旨牛乳","800ml","950","にしお乳業 株式会社","平成22年01月"
"BFV200","最高級緑茶","1200ml","1,720","ハタナカバイオ 株式会社","平成18年04月"
"BNW201","今までなかった粉チーズ","1000g","1,720"," よしおか水産 株式会社","平成15年04月"
"IQS202","純正コーヒー牛乳","600ml","530","株式会社 テーラー・バートン化学","平成14年05月"
"GOS203","大自然がくれたチーズ","300g","1,500"," 株式会社 尾崎フード","平成19年12月"
"MUY204","料理用お茶","300ml","410","イナバ水産 株式会社","平成12年09月"
"DEU205","熟成緑茶","950ml","560"," 大沼化学 株式会社","平成16年11月"
"BIS206","オリジナルバター","650g","1,710","株式会社 バックランド・マヨールラルズ化学","平成19年02月"
"IQR207","奇跡のスライスチーズ","1000g","1,480","立花食品工業 株式会社","平成20年04月"
"MRY208","大自然のチョコレート","500g","1,420"," 株式会社 大川食品工業","平成13年09月"
"NXY209","高級ミネラルウォーター","1050ml","1,760"," にしはら化学 株式会社","平成16年03月"
"BRU210","天然お酢","1100ml","830","株式会社 よしおかバイオ","平成14年05月"
"AIT211","ミルキーコーヒー","350ml","780"," クロダ化学工業 株式会社","平成20年06月"
"BLN212","極上紅茶","550ml","1,800","株式会社 岡部ボトリング","平成19年04月"
"DLW213","健やかマーガリン","900g","1,000"," 株式会社 スピネル・センティナリー・ダイヤモンド製糖","平成19年02月"
"CGK214","からだにやさしいウーロン茶","400ml","1,620","スリムプリスタ乳業 株式会社","平成13年11月"
"DHU215","ヘルシー豆乳","1200ml","710"," アテネアンビアンス食品 株式会社","平成14年03月"
"BTZ216","おいしい塩","600g","310"," しもやま・高原ボトリング 株式会社","平成20年11月"
"AFL217","デラックスオリーブオイル","650ml","410","株式会社 テーラー・バートン食品工業","平成22年02月"
"EHM218","最高級牛乳","950ml","1,180"," にしはらフード 株式会社","平成21年08月"
"APW219","エクストラガーリック","800g","410","株式会社 むらまつケミカル","平成18年09月"
"IRS220","フレッシュジャム","600g","1,530"," 株式会社 スポッティングアプリコットケミカル","平成15年07月"
"JRU221","からだよろこぶ抹茶","1000ml","1,660"," 株式会社 おかの・いなば食品工業","平成12年01月"
"AMP222","デリシャスジャム","950g","450","株式会社 ケンザキルビー製糖","平成21年10月"
"JVY223","みんなの豆乳","400ml","1,530","株式会社 岡部バイオ","平成21年09月"
"FHO224","極旨コーヒー","750ml","1,550"," 尾崎製糖 株式会社","平成13年07月"
"CKZ225","プレミアムチョコレート","1100g","1,250"," 株式会社 あらき食品工業","平成14年04月"
"COX226","徳用ガーリック","800g","1,020"," 株式会社 小出乳業","平成22年05月"
"FIU227","健康スライスチーズ","550g","690"," スポッティングアプリコットフード 株式会社","平成13年05月"
"BHP228","からだよろこぶコーヒー","1100ml","1,770"," 株式会社 オオカワケミカル","平成19年02月"
"HXY229","熟成オリーブオイル","1050ml","1,280","株式会社 よしおか産業","平成14年04月"
"DQS230","エクストラ緑茶","800ml","1,180","ミヤガワ食品 株式会社","平成13年09月"
"BNQ231","極上ミネラルウォーター","1000ml","1,090"," アテネアンビアンス化学 株式会社","平成18年12月"
"KMN232","デラックス紅茶","1000ml","790","アテネアンビアンス水産 株式会社","平成17年07月"
"OPQ233","フレッシュ塩","450g","1,280"," 株式会社 アテネアンビアンス産業","平成18年12月"
"AEJ234","極旨ウーロン茶","650ml","380","株式会社 白井・おかべフード","平成22年01月"
"JUV235","健やか抹茶","950ml","950"," ドレスデン・グリーン化学 株式会社","平成14年07月"
"CLZ236","大自然のオリーブオイル","750ml","840"," 株式会社 サニーシェーンボルドー乳業","平成14年11月"
"MTZ237","エクストラウーロン茶","450ml","310","株式会社 コルドバサクラコ産業","平成18年05月"
"AJN238","大自然がくれたバター","350g","1,780","株式会社 小出食品工業","平成13年02月"
"CUY239","料理用ガーリック","1150g","940","スポッティングアプリコット食品工業 株式会社","平成18年10月"
"AMY240","天然スライスチーズ","850g","770","株式会社 瀬戸水産","平成15年12月"
"EQZ241","天然マーガリン","850g","1,580"," ディープディーン産業 株式会社","平成15年06月"
"FQV242","大自然がくれたスライスチーズ","650g","1,300","株式会社 松浦フード","平成14年03月"
"BLM243","オリジナルジャム","800g","1,390","小出ケミカル 株式会社","平成12年08月"
"FRW244","フレッシュチョコレート","650g","1,230","稲葉冷凍食品 株式会社","平成12年09月"
"BPU245","極上緑茶","550ml","650","オカノ水産 株式会社","平成15年01月"
"LYZ246","料理用ウーロン茶","800ml","1,120","株式会社 三橋水産","平成17年09月"
"CGY247","フレッシュ塩","1000g","1,340","株式会社 みやがわ冷凍食品","平成18年06月"
"AMV248","フレッシュ粉チーズ","500g","1,540"," 堀ケミカル 株式会社","平成16年08月"
"DLM249","からだよろこぶ粉チーズ","950g","1,430","株式会社 吉岡化学","平成17年05月"
"DOQ250","極上オリーブオイル","350ml","450","ドレスデン・グリーン水産 株式会社","平成16年11月"
"ORV251","みんなのチョコレート","550g","1,010"," スポッティングアプリコット化学 株式会社","平成21年07月"
"OQV252","大自然の粉チーズ","400g","760"," 株式会社 荒木ケミカル","平成21年01月"
"ABH253","極上チーズ","400g","950","株式会社 セト水産","平成22年04月"
"GJQ254","大自然の抹茶","450ml","1,460","株式会社 ディープディーン食品","平成16年12月"
"GHP255","高級ジャム","1100g","1,320","株式会社 オカベ産業","平成22年05月"
"BPW256","ミルキーコーヒー","650ml","1,300","あらき乳業 株式会社","平成16年01月"
"JQR257","フレッシュ豆乳","650ml","460"," タカハラケミカル 株式会社","平成13年06月"
"ALX258","おいしい粉チーズ","900g","790","株式会社 尾崎ケミカル","平成12年04月"
"ENQ259","天然紅茶","1100ml","1,440","むらまつ水産 株式会社","平成16年09月"
"CPQ260","プレミアムお酢","700ml","500","株式会社 ミツハシケミカル","平成17年08月"
"LUY261","熟成お酢","550ml","890","株式会社 テーラー・バートン化学工業","平成21年04月"
"MQW262","純正ミネラルウォーター","700ml","1,120","アラキケミカル 株式会社","平成12年01月"
"CDV263","純正オリーブオイル","1000ml","450","ミヤガワ化学工業 株式会社","平成13年04月"
"FHT264","最高級ミネラルウォーター","750ml","550","大橋・おおはしバイオ 株式会社","平成17年06月"
"ACT265","大自然のコーヒー","300ml","1,060","みやがわ化学工業 株式会社","平成16年03月"
"ETV266","熟成お酢","1000ml","580","株式会社 テーラー・バートン水産","平成15年03月"
"IPV267","大自然のコーヒー牛乳","900ml","590","おおぬま化学工業 株式会社","平成17年05月"
"NPR268","奇跡のマーガリン","1050g","1,360","株式会社 ほしの食品","平成21年05月"
"IMO269","ミルキーチョコレート","1150g","1,160","スポッティングアプリコット乳業 株式会社","平成14年05月"
"HJN270","今までなかったガーリック","550g","1,700","ハート・オブ・エタニティ乳業 株式会社","平成15年03月"
"EFG271","最高級ウーロン茶","1000ml","970"," 甲斐ケミカル 株式会社","平成14年12月"
"CHX272","ミルキーウーロン茶","850ml","880","大沼化学工業 株式会社","平成12年03月"
"AIO273","ミルキーバター","750g","1,400","おおかわ食品工業 株式会社","平成18年11月"
"IQZ274","ヘルシーコーヒー","1100ml","760"," 株式会社 みつはし乳業","平成16年09月"
"FMQ275","奇跡のジャム","800g","720","アテネアンビアンス化学工業 株式会社","平成15年12月"
"PSW276","健康粉チーズ","850g","1,800","株式会社 ダッドリー・ダイヤモンド・ダルヤー・ヌールフード","平成13年02月"
"DHW277","大自然のバター","650g","1,720","株式会社 いなば食品","平成15年01月"
"LMR278","今までなかったスライスチーズ","750g","1,390","ディープディーン食品工業 株式会社","平成14年01月"
"HLT279","大自然のミネラルウォーター","1100ml","1,260","小出食品工業 株式会社","平成19年07月"
"CLW280","奇跡のチーズ","600g","560","立花乳業 株式会社","平成18年02月"
"IMW281","オリジナルマーガリン","950g","300"," 株式会社 ケンザキルビー化学","平成12年03月"
"BDX282","天然スライスチーズ","1050g","1,680","株式会社 黒田サイエンス","平成14年04月"
"HLQ283","ヘルシー豆乳","950ml","720","堀乳業 株式会社","平成13年06月"
"IST284","からだよろこぶ抹茶","1200ml","710","小出食品工業 株式会社","平成21年10月"
"JTY285","健康牛乳","750ml","1,590","黒田乳業 株式会社","平成17年04月"
"CUV286","料理用ジャム","950g","1,280"," 花田・はなだ食品化工 株式会社","平成16年02月"
"DMZ287","からだよろこぶチーズ","700g","920","ルブラローマフード 株式会社","平成17年04月"
"JKV288","おいしい豆乳","1050ml","1,220","株式会社 オオヌマ化学","平成22年05月"
"BHU289","極旨チョコレート","950g","1,410","星野バイオ 株式会社","平成15年12月"
"FGX290","プレミアムマーガリン","800g","1,430","マヨールラルズボトリング 株式会社","平成18年05月"
"ACV291","みんなのオリーブオイル","450ml","950","株式会社 瀬戸化学","平成16年11月"
"IRS292","今までなかったジャム","550g","430","ダッドリー・ダイヤモンド化成工業 株式会社","平成13年12月"
"FGU293","プレミアム粉チーズ","800g","1,070"," 株式会社 稲葉冷凍食品","平成19年05月"
"JNZ294","最高級バター","700g","370","株式会社 堀食品工業","平成16年04月"
"CIP295","プレミアムウーロン茶","450ml","540","株式会社 たかはらボトリング","平成18年01月"
"ASY296","天然お酢","500ml","1,540","たにもと産業 株式会社","平成17年05月"
"CGV297","おいしい粉チーズ","500g","1,330"," 株式会社 堀ケミカル","平成15年05月"
"ANU298","健やかお酢","400ml","600","長田食品工業 株式会社","平成17年02月"
"COS299","極旨ウーロン茶","700ml","1,720","高原乳業 株式会社","平成21年05月"
"JKL300","天然ミネラルウォーター","900ml","660"," 株式会社 スポッティングアプリコット水産","平成16年06月"
"ANQ301","ミルキーバター","950g","1,170"," 株式会社 バーバラ・バラライカ化学","平成22年02月"
"SUV302","デラックスジャム","300g","1,340","フクナガ食品 株式会社","平成14年06月"
"BHY303","エクストラお茶","850ml","1,440"," しまむらフード 株式会社","平成15年04月"
"DGW304","奇跡のスライスチーズ","750g","770","てしまフード 株式会社","平成14年10月"
"KRU305","最高級チーズ","850g","1,480","フェンネルシード食品 株式会社","平成13年04月"
"MOZ306","みんなのガーリック","300g","1,700","株式会社 ココアバンティ製糖","平成13年07月"
"EVZ307","極上ウーロン茶","1050ml","370","株式会社 あかまつ食品工業","平成13年03月"
"CDH308","純正チョコレート","800g","1,680","株式会社 ブラック・シーザー製糖","平成19年04月"
"KOY309","熟成マーガリン","850g","1,100","株式会社 おおつき・島村化学","平成16年10月"
"HIZ310","料理用豆乳","300ml","1,640"," 株式会社 門脇乳業","平成16年09月"
"EFT311","大自然のオリーブオイル","450ml","630"," 株式会社 きむら製糖","平成17年05月"
"ITY312","大自然がくれた緑茶","550ml","1,420"," 株式会社 フェネグリーク乳業","平成19年06月"
"GJS313","健やかコーヒー牛乳","500ml","1,010"," おおき食品 株式会社","平成19年05月"
"GHX314","ヘルシーミネラルウォーター","650ml","380","株式会社 手島化学工業","平成12年05月"
"PQR315","デリシャス塩","1050g","1,120","そよかぜ乳業 株式会社","平成21年06月"
"OSY316","徳用コーヒー","650ml","620","株式会社 ココパラディソケミカル","平成15年11月"
"ACW317","からだにやさしい紅茶","350ml","1,440","株式会社 中島食品","平成17年10月"
"JRU318","今までなかった牛乳","600ml","1,050","カイヤナイト化学 株式会社","平成12年09月"
"CSU319","プレミアム抹茶","750ml","730","大木・竹下ケミカル 株式会社","平成22年03月"
"ERV320","フレッシュ粉チーズ","450g","700","株式会社 ゴールデンピンク食品","平成14年11月"
"KTV321","オリジナルお酢","1050ml","1,280"," 横井ケミカル 株式会社","平成16年03月"
"ATV322","健康粉チーズ","400g","1,270","竹下乳業 株式会社","平成15年04月"
"DHU323","おいしいコーヒー","550ml","1,540","ハーベイ・ウォールバンガー・ビッグ・アップル食品工業 株式会社","平成13年07月"
"INU324","からだよろこぶオリーブオイル","1200ml","660"," クロマツ化学 株式会社","平成14年01月"
"FPT325","極旨コーヒー牛乳","600ml","910"," 株式会社 しまむら水産","平成16年01月"
"KPT326","天然スライスチーズ","1200g","820"," 株式会社 まつもと化学工業","平成12年08月"
"HRW327","高級ウーロン茶","500ml","320"," 林田水産 株式会社","平成19年11月"
"ERZ328","デラックス牛乳","650ml","580"," コニカルレッド食品工業 株式会社","平成14年03月"
"EFY329","みんなのチーズ","600g","490"," やまぐち・松本乳業 株式会社","平成12年04月"
"OUY330","ミルキー緑茶","550ml","870","株式会社 ブラック・マリー食品工業","平成19年11月"
"KQV331","今までなかったガーリック","900g","1,510","株式会社 バーバラ・ブラック・ルシアンフード","平成22年11月"
"FVZ332","料理用チョコレート","1100g","450","株式会社 手島ケミカル","平成16年09月"
"CFG333","奇跡のチーズ","1050g","1,540","株式会社 池田ケミカル","平成12年08月"
"AJM334","ミルキーバター","950g","1,440","たけした化学 株式会社","平成13年07月"
"MWX335","今までなかったジャム","1000g","1,360","株式会社 おおきバイオ","平成20年09月"
"GPZ336","プレミアム紅茶","850ml","400"," アカバナケミカル 株式会社","平成22年05月"
"IUY337","健康ミネラルウォーター","1000ml","750"," 株式会社 ココアバンティ水産","平成22年04月"
"FGZ338","大自然のコーヒー","1050ml","900"," 株式会社 かどわき食品","平成18年07月"
"EFI339","からだよろこぶバター","1150g","970","株式会社 竹下化学","平成15年07月"
"CKZ340","奇跡の塩","550g","660","株式会社 ブラック・ブル食品","平成20年01月"
"GUW341","健やか塩","800g","840","株式会社 大原水産","平成21年01月"
"BOR342","みんなのガーリック","950g","1,440","株式会社 木村バイオ","平成17年04月"
"IKM343","おいしい豆乳","550ml","1,200"," 株式会社 ナカジマケミカル","平成20年06月"
"CEI344","からだよろこぶジャム","600g","1,290","カイヤナイト水産 株式会社","平成15年11月"
"OSU345","健やかジャム","600g","1,180","株式会社 たけした食品工業","平成13年03月"
"AJX346","極上お酢","1150ml","1,590"," くろまつケミカル 株式会社","平成12年12月"
"JQT347","からだよろこぶ牛乳","900ml","770","ふくはらフード 株式会社","平成12年12月"
"PUX348","おいしいウーロン茶","1150ml","1,270","株式会社 林田製糖","平成18年11月"
"FJK349","フレッシュ緑茶","1000ml","550","あかまつ食品 株式会社","平成18年10月"
"CGH350","天然チーズ","450g","860","門脇製糖 株式会社","平成18年10月"
"FMZ351","みんなの緑茶","1200ml","1,150","株式会社 竹下フード","平成18年12月"
"ERU352","健やかオリーブオイル","750ml","570"," いぐち製糖 株式会社","平成13年08月"
"AMP353","極旨チョコレート","1150g","1,210","株式会社 てしま乳業","平成21年12月"
"EJQ354","純正塩","600g","540","フェネグリークサイエンス 株式会社","平成16年04月"
"FLN355","最高級牛乳","800ml","1,510"," ブラック・ルシアン乳業 株式会社","平成18年01月"
"DJK356","健康オリーブオイル","800ml","1,370","あかなす製糖 株式会社","平成13年10月"
"GPV357","健やか粉チーズ","950g","1,580"," 株式会社 大木産業","平成15年12月"
"BRY358","最高級ミネラルウォーター","400ml","1,690"," 株式会社 フェネグリーク・フェンネルシードフード","平成17年04月"
"BRV359","高級抹茶","1000ml","610","株式会社 福原フード","平成21年03月"
"HLN360","大自然がくれた牛乳","1050ml","650"," ブラック・ブル食品工業 株式会社","平成21年06月"
"DEN361","プレミアム豆乳","600ml","300","株式会社 ブル・ショット乳業","平成19年12月"
"AHU362","純正スライスチーズ","350g","830"," 株式会社 てしまフード","平成12年05月"
"BKP363","ヘルシー緑茶","1200ml","740","カルサイトケミカル 株式会社","平成20年05月"
"BHN364","料理用オリーブオイル","650ml","970","デルフィニウム・ゴールデンピンク乳業 株式会社","平成13年02月"
"GSY365","極上ジャム","700g","1,020","倉田水産 株式会社","平成13年02月"
"FUW366","最高級バター","1150g","1,620","株式会社 ブラック・ブル乳業","平成15年07月"
"OVZ367","大自然がくれたコーヒー","1150ml","1,270","株式会社 あかまつ水産","平成12年06月"
"BRX368","料理用塩","700g","820","株式会社 ココグランド製糖","平成14年10月"
"AWX369","ヘルシーウーロン茶","500ml","520"," 株式会社 林田食品工業","平成13年02月"
"DQU370","天然粉チーズ","950g","1,240"," にしもと・おおき食品工業 株式会社","平成16年03月"
"LMW371","熟成お茶","1200ml","890","株式会社 ヒペリカム・グリーンコンドルフード","平成13年07月"
"ALX372","デラックス抹茶","1100ml","1,520","株式会社 おおきバイオ","平成15年09月"
"HQY373","おいしいチョコレート","1200g","870","株式会社 ふくなが食品","平成21年08月"
"MOW374","オリジナルコーヒー牛乳","850ml","310","株式会社 カイヤナイト化学","平成20年02月"
"ALZ375","極旨スライスチーズ","350g","1,720","アオバナ食品工業 株式会社","平成15年08月"
"EHX376","大自然がくれたチーズ","1150g","1,100","ブラック・ルシアンフード 株式会社","平成13年11月"
"HKM377","最高級塩","450g","1,280","バーバラ・ブラック・ルシアン乳業 株式会社","平成12年05月"
"AHJ378","熟成チーズ","400g","390","株式会社 エダマメ・フェネグリークケミカル","平成12年02月"
"BGN379","からだよろこぶマーガリン","500g","1,690"," 株式会社 ブラック・ルシアン産業","平成16年11月"
"GJW380","からだよろこぶ紅茶","700ml","1,150"," 池田ケミカル 株式会社","平成20年05月"
"ENV381","大自然のミネラルウォーター","750ml","1,640","株式会社 ブラック・ブル乳業","平成22年01月"
"LMR382","デラックススライスチーズ","1050g","840"," ココグランド水産 株式会社","平成21年07月"
"CDS383","大自然の抹茶","350ml","1,630","はやしだ化学 株式会社","平成15年07月"
"HPT384","料理用バター","400g","1,610","株式会社 倉田製糖","平成15年07月"
"BOP385","最高級お酢","600ml","1,100","株式会社 福永乳業","平成17年07月"
"IMT386","おいしいウーロン茶","500ml","790","株式会社 ブラック・マリー乳業","平成18年08月"
"CQX387","デラックスコーヒー","1200ml","1,710","フェネグリークボトリング 株式会社","平成22年01月"
"FGQ388","高級お酢","500ml","1,640"," 株式会社 カイヤナイトフード","平成18年04月"
"UYZ389","今までなかった塩","900g","770","株式会社 バラライカ・ビッグ・アップルケミカル","平成19年01月"
"EGO390","今までなかったバター","550g","320","片桐食品工業 株式会社","平成16年08月"
"BDW391","純正お酢","300ml","880","株式会社 かどわき水産","平成20年07月"
"BTZ392","最高級コーヒー","850ml","320","ふくなが食品工業 株式会社","平成15年08月"
"ADK393","デラックスジャム","950g","1,630","株式会社 ココグランド食品","平成20年07月"
"HKO394","今までなかった抹茶","800ml","1,700","株式会社 林田食品工業","平成18年12月"
"HMR395","高級コーヒー","450ml","520","フェンネルシードフード 株式会社","平成21年04月"
"LQT396","からだよろこぶウーロン茶","300ml","490","株式会社 てしまフード","平成20年07月"
"KMP397","おいしいガーリック","400g","1,130","きむらケミカル 株式会社","平成22年08月"
"LNU398","天然抹茶","1000ml","1,630"," フェネグリーク食品工業 株式会社","平成18年07月"
"ORZ399","からだにやさしいお茶","950ml","1,030","くらた産業 株式会社","平成21年08月"
"IRY400","フレッシュ抹茶","650ml","1,150"," 松本乳業 株式会社","平成15年02月"
"DNX401","天然お酢","950ml","630","ディジョン産業 株式会社","平成13年10月"
"KMR402","みんなのガーリック","700g","670"," 株式会社 下村製糖","平成16年02月"
"GXY403","極旨コーヒー牛乳","1000ml","1,050","村田ケミカル 株式会社","平成21年06月"
"BGI404","エクストラバター","350g","1,660","コニカルレッド乳業 株式会社","平成17年02月"
"BWY405","プレミアム牛乳","700ml","520"," シルバー食品 株式会社","平成22年12月"
"CPW406","大自然がくれたジャム","1150g","1,690"," ロゼッタ・ピッツァフード 株式会社","平成20年07月"
"AHZ407","今までなかったミネラルウォーター","850ml","1,640","株式会社 ブランシェ化学","平成22年02月"
"QRU408","健やか豆乳","1150ml","1,590","フェスティバマキシマ食品工業 株式会社","平成16年12月"
"NPS409","健康コーヒー","800ml","1,140","かねこ食品工業 株式会社","平成19年09月"
"ORV410","料理用抹茶","950ml","460","株式会社 かわもとバイオ","平成17年01月"
"FOR411","奇跡の粉チーズ","850g","1,260"," 河野製糖 株式会社","平成22年11月"
"RWY412","ミルキーチョコレート","1000g","1,360","大崎乳業 株式会社","平成20年07月"
"FJO413","おいしい塩","700g","1,000","ローザグリーン・シャロームケミカル 株式会社","平成13年01月"
"MUX414","フレッシュオリーブオイル","900ml","530","ココグランドフード 株式会社","平成14年04月"
"DQS415","熟成チーズ","300g","430"," トオヤマ食品工業 株式会社","平成13年01月"
"PSY416","純正スライスチーズ","700g","1,270","あきもと食品工業 株式会社","平成12年01月"
"EOU417","デラックス緑茶","1150ml","970","コニカルレッドケミカル 株式会社","平成16年05月"
"STW418","からだよろこぶウーロン茶","1050ml","1,430","あきもとケミカル 株式会社","平成21年11月"
"AKM419","高級お茶","700ml","1,660","ニースノアン水産 株式会社","平成16年12月"
"APQ420","デリシャスマーガリン","1000g","610","ミドリ乳業 株式会社","平成12年10月"
"FMZ421","ヘルシー紅茶","400ml","780"," 株式会社 かわもと産業","平成13年02月"
"GLQ422","からだにやさしいジャム","350g","1,620","カネコ化学 株式会社","平成16年12月"
"GHS423","オリジナルガーリック","350g","1,420","わかまつ・みむらケミカル 株式会社","平成15年03月"
"BQT424","大自然のマーガリン","950g","1,290","クニャペケミカル 株式会社","平成13年06月"
"HPQ425","徳用コーヒー牛乳","650ml","910"," 相原・あいはら水産 株式会社","平成19年10月"
"BLW426","極上ミネラルウォーター","1100ml","1,040","オキシペタラム・グラジオラス乳業 株式会社","平成13年11月"
"RST427","最高級チーズ","800g","1,180","クリエイト化学工業 株式会社","平成18年09月"
"CHV428","大自然がくれたマーガリン","450g","530","株式会社 ポン・デ・ケイジョ製糖","平成17年04月"
"DGO429","からだにやさしいマーガリン","1100g","1,780","いまい食品化工 株式会社","平成18年11月"
"AHJ430","からだよろこぶ豆乳","300ml","740","株式会社 はらだ・小野水産","平成19年09月"
"DUZ431","料理用牛乳","550ml","560","村岡乳業 株式会社","平成21年10月"
"IMP432","デリシャスお酢","950ml","840","株式会社 川本ケミカル","平成16年11月"
"DFQ433","極旨お酢","350ml","950","バルビゾン乳業 株式会社","平成22年07月"
"EPT434","からだよろこぶコーヒー牛乳","1050ml","1,400","株式会社 デルフィニウム・ヒペリカム乳業","平成21年12月"
"FPT435","デリシャスお茶","500ml","1,150"," 河野サイエンス 株式会社","平成22年02月"
"FJM436","エクストラジャム","1150g","1,150","河野水産 株式会社","平成18年05月"
"NQR437","ミルキーマーガリン","850g","1,620","藤本乳業 株式会社","平成22年07月"
"DPT438","最高級牛乳","1100ml","1,730"," 株式会社 島崎・川本ケミカル","平成22年10月"
"FGJ439","フレッシュガーリック","600g","1,080","株式会社 村岡ケミカル","平成20年02月"
"DLQ440","からだよろこぶウーロン茶","650ml","380","パロスビエンヌ化学工業 株式会社","平成12年11月"
"IMO441","みんなのバター","950g","560","株式会社 ココグランドケミカル","平成12年07月"
"JNZ442","熟成ガーリック","1000g","1,050","フェスティバマキシマ食品工業 株式会社","平成20年04月"
"HLY443","奇跡のコーヒー牛乳","400ml","1,360","大崎乳業 株式会社","平成12年12月"
"GRV444","おいしい塩","950g","980"," いまい・こうの乳業 株式会社","平成12年11月"
"CGW445","オリジナルチョコレート","400g","1,160"," 株式会社 アトラス乳業","平成12年09月"
"DNX446","極上チーズ","800g","1,280","サラベルナール食品工業 株式会社","平成19年07月"
"JTV447","最高級抹茶","900ml","1,010","株式会社 ココグランド化学工業","平成15年12月"
"COP448","天然牛乳","350ml","540","バルビゾン水産 株式会社","平成19年12月"
"BCF449","奇跡のお酢","950ml","880","スフォリアテレボトリング 株式会社","平成18年09月"
"HXY450","最高級オリーブオイル","300ml","1,730","株式会社 ふじもと乳業","平成21年10月"
"IQW451","エクストラミネラルウォーター","900ml","1,140","白川サイエンス 株式会社","平成17年01月"
"DPV452","おいしい粉チーズ","900g","1,230"," クニャペケミカル 株式会社","平成17年11月"
"HXY453","純正抹茶","1050ml","1,390"," シルバー製糖 株式会社","平成12年02月"
"JLU454","ヘルシー豆乳","300ml","1,270","コニカルレッドケミカル 株式会社","平成14年07月"
"ELX455","徳用スライスチーズ","1050g","1,430","株式会社 和田ケミカル","平成21年07月"
"AIN456","オリジナルチョコレート","750g","1,750","村岡食品工業 株式会社","平成17年12月"
"TUX457","エクストラバター","1200g","610","ドリームホワイト食品工業 株式会社","平成12年02月"
"LOX458","デリシャスオリーブオイル","450ml","1,110","株式会社 ミドリ食品工業","平成17年06月"
"DOY459","極旨ウーロン茶","550ml","1,300"," 株式会社 クリエイトフード","平成14年04月"
"EIU460","からだよろこぶガーリック","350g","1,050"," イマイ水産 株式会社","平成18年12月"
"EXY461","ヘルシー粉チーズ","1200g","1,660"," 株式会社 ココグランド食品工業","平成12年04月"
"ALQ462","からだにやさしい牛乳","650ml","800","株式会社 原田・おの化学","平成12年09月"
"FOP463","熟成豆乳","750ml","350","ココアバンティ食品 株式会社","平成18年05月"
"HKX464","最高級牛乳","1100ml","720","株式会社 スフォリアテレボトリング","平成16年02月"
"BMU465","料理用緑茶","550ml","550","パロスビエンヌ化学工業 株式会社","平成19年09月"
"EXY466","みんなの牛乳","1200ml","930","村田乳業 株式会社","平成12年02月"
"EJQ467","健やかチーズ","1050g","400","スフォリアテレボトリング 株式会社","平成15年04月"
"HNW468","ヘルシーミネラルウォーター","550ml","1,480","わかまつサイエンス 株式会社","平成19年07月"
"FHR469","大自然のジャム","600g","1,410","株式会社 クリエイト乳業","平成14年10月"
"IVW470","徳用紅茶","650ml","580"," 株式会社 相原・みむら製糖","平成13年02月"
"DGX471","おいしいチョコレート","700g","1,240","株式会社 ハタナカ水産","平成12年05月"
"CHL472","デリシャスミネラルウォーター","500ml","1,720"," トラスト産業 株式会社","平成20年12月"
"FGR473","フレッシュマーガリン","500g","1,780","株式会社 藤本製糖","平成17年11月"
"CMY474","大自然がくれた抹茶","1000ml","1,670","村田食品工業 株式会社","平成12年04月"
"BXY475","徳用スライスチーズ","900g","1,100"," 株式会社 こうの水産","平成22年02月"
"FWY476","大自然がくれたチョコレート","1150g","1,730"," 下村フード 株式会社","平成16年09月"
"CJO477","デラックスお酢","550ml","1,500","シャローム化学 株式会社","平成17年12月"
"JNO478","高級粉チーズ","750g","1,730","株式会社 遠山食品","平成17年09月"
"BFM479","みんなのコーヒー牛乳","800ml","1,440","シルバーケミカル 株式会社","平成18年03月"
"FGZ480","おいしいスライスチーズ","800g","1,630"," ふじもとケミカル 株式会社","平成20年03月"
"GMW481","プレミアムミネラルウォーター","550ml","370","株式会社 かねこフード","平成15年09月"
"GMO482","からだよろこぶバター","550g","1,660","丹羽食品工業 株式会社","平成21年02月"
"MOU483","からだにやさしい豆乳","1150ml","340","グラジオラス食品化工 株式会社","平成13年11月"
"HMU484","プレミアムオリーブオイル","550ml","1,620","株式会社 ココグランド乳業","平成20年10月"
"EJS485","健やか紅茶","1000ml","870","株式会社 あいはら・若松化学","平成13年05月"
"DFJ486","エクストラコーヒー","500ml","670","ゴールデンピンク冷凍食品 株式会社","平成22年04月"
"DGY487","大自然がくれた緑茶","350ml","1,610"," サルテーニャフード 株式会社","平成13年09月"
"QUY488","健康紅茶","800ml","1,310","株式会社 フェスティバマキシマ水産","平成20年12月"
"EWZ489","徳用塩","1100g","1,290"," 株式会社 ミムラフード","平成16年09月"
"LOQ490","デラックススライスチーズ","400g","410","ふじもと水産 株式会社","平成12年05月"
"FQZ491","デラックス緑茶","500ml","1,190"," とおやま水産 株式会社","平成12年09月"
"CIR492","プレミアム緑茶","350ml","560","ブランシェ食品工業 株式会社","平成15年06月"
"BQY493","プレミアムガーリック","700g","600","畑中化学工業 株式会社","平成19年09月"
"ASY494","大自然のオリーブオイル","350ml","1,000","シラカワ化学 株式会社","平成19年03月"
"FSZ495","デリシャス塩","1050g","1,640","ココグランド食品 株式会社","平成13年04月"
"DYZ496","極上ガーリック","1050g","970","株式会社 ポーリンバイオレット食品工業","平成12年01月"
"KTY497","純正コーヒー牛乳","800ml","610","株式会社 ココパラディソケミカル","平成12年08月"
"DSW498","プレミアム塩","650g","780","株式会社 金子化学","平成18年01月"
"CDG499","大自然がくれたチーズ","300g","1,320","ニースノアン乳業 株式会社","平成18年04月"
"GIW500","奇跡の豆乳","350ml","830","パロスビエンヌ製糖 株式会社","平成16年08月"
"CQW501","奇跡のオリーブオイル","500ml","550","中島製糖 株式会社","平成13年05月"
"SVY502","大自然の牛乳","900ml","470","株式会社 リスクモンスフード","平成12年08月"
"HPT503","みんなのコーヒー","1050ml","1,490","株式会社 平野・すがわら乳業","平成16年12月"
"AOQ504","純正豆乳","750ml","720"," マツイフード 株式会社","平成22年10月"
"FNZ505","おいしいミネラルウォーター","950ml","980"," 株式会社 インゲンマメ・アニスシードフード","平成18年07月"
"RXY506","からだよろこぶお茶","450ml","620"," ドレスデン・グリーンフード 株式会社","平成16年11月"
"DHX507","健やかバター","1150g","1,390","株式会社 くぼバイオ","平成13年10月"
"KTX508","ミルキージャム","350g","1,530","株式会社 ブラック・マリーケミカル","平成12年07月"
"ANR509","大自然がくれたウーロン茶","450ml","750"," 株式会社 中島化学","平成20年12月"
"FJZ510","デリシャスガーリック","650g","1,730","うめだ化学工業 株式会社","平成18年09月"
"HST511","最高級粉チーズ","650g","1,210","株式会社 リスクモンス化学","平成13年04月"
"FPT512","からだにやさしいチョコレート","750g","650"," 株式会社 ブラック・マリー食品工業","平成18年08月"
"DHP513","プレミアムチーズ","1050g","1,210","クエアデメ化学 株式会社","平成12年10月"
"APX514","極旨紅茶","550ml","710"," 堀江乳業 株式会社","平成19年08月"
"APT515","高級塩","450g","440"," 株式会社 ハルタジデ乳業","平成17年04月"
"FMQ516","今までなかったコーヒー牛乳","1150ml","1,720"," 株式会社 にしはら化学","平成17年12月"
"BEL517","徳用緑茶","900ml","1,670","ニシオ水産 株式会社","平成15年11月"
"BNW518","熟成抹茶","600ml","760","小出乳業 株式会社","平成20年09月"
"EKR519","天然スライスチーズ","550g","1,710","株式会社 テーラー・バートン乳業","平成20年10月"
"OWZ520","料理用マーガリン","1050g","1,650","こんのサイエンス 株式会社","平成13年07月"
"HIP521","ヘルシーお酢","600ml","1,130"," 梅田産業 株式会社","平成17年02月"
"HSY522","フレッシュ緑茶","500ml","1,160","田代食品工業 株式会社","平成13年01月"
"HIN523","デラックスジャム","400g","1,610"," ブラック・シーザー製糖 株式会社","平成19年09月"
"DGV524","オリジナルお酢","850ml","1,180","せと食品 株式会社","平成13年10月"
"CEW525","エクストラウーロン茶","1000ml","1,770","クテスオイサ水産 株式会社","平成12年07月"
"HMU526","健康マーガリン","950g","580"," 株式会社 ギャラクシー産業","平成17年05月"
"BJQ527","極上お酢","650ml","1,740","株式会社 フェネグリーク製糖","平成17年09月"
"IKN528","料理用マーガリン","300g","740"," 株式会社 ダルヤー・ヌールサイエンス","平成20年09月"
"HPV529","天然ジャム","600g","710","株式会社 アニスシード化学工業","平成18年06月"
"HKQ530","ヘルシーウーロン茶","1050ml","1,070","池田食品工業 株式会社","平成19年04月"
"AHK531","天然ミネラルウォーター","500ml","1,110","株式会社 パアエアリ食品","平成21年11月"
"NXY532","高級ミネラルウォーター","650ml","1,040"," 株式会社 クテスオイサケミカル","平成18年09月"
"COX533","今までなかった紅茶","1100ml","770","株式会社 ダッドリー・ダイヤモンド乳業","平成21年05月"
"EOZ534","からだにやさしいスライスチーズ","900g","1,650","ブラック・マリーフード 株式会社","平成15年01月"
"HJN535","プレミアムウーロン茶","600ml","520","マツイケミカル 株式会社","平成18年03月"
"ALO536","徳用紅茶","1000ml","1,590","株式会社 にしお水産","平成20年05月"
"BRW537","からだにやさしいコーヒー","1000ml","1,710","ブル・ショット乳業 株式会社","平成18年01月"
"HOV538","奇跡の抹茶","800ml","410"," ダルヤー・ヌール化学 株式会社","平成14年02月"
"LWZ539","エクストラ豆乳","500ml","1,580","株式会社 リスクモンス水産","平成14年12月"
"CFX540","高級コーヒー牛乳","800ml","1,740"," 株式会社 ブラック・マリー水産","平成15年08月"
"RVZ541","高級コーヒー","650ml","1,590"," 株式会社 なかじま化学","平成15年11月"
"FJN542","オリジナルお茶","650ml","1,180","ナカジマ食品工業 株式会社","平成19年07月"
"CLN543","大自然がくれたお茶","850ml","1,080"," 株式会社 ナカジマ化学","平成15年05月"
"ADO544","料理用コーヒー牛乳","1050ml","320","エダマメ・フェンネルシード水産 株式会社","平成16年02月"
"LOX545","健やかミネラルウォーター","400ml","900","おおたけ水産 株式会社","平成18年11月"
"HNQ546","天然スライスチーズ","450g","1,570","ダッドリー・ダイヤモンド・ダルヤー・ヌール食品 株式会社","平成17年10月"
"BSU547","料理用牛乳","1050ml","350"," 株式会社 久保製糖","平成14年12月"
"DMW548","プレミアム豆乳","550ml","900","株式会社 アニスシード化学","平成13年08月"
"FGY549","今までなかったバター","700g","580","株式会社 ウメダ製糖","平成22年02月"
"FMN550","オリジナルチーズ","500g","1,740"," ダルヤー・ヌール産業 株式会社","平成12年05月"
"AIP551","極上コーヒー牛乳","1100ml","1,070","株式会社 谷本・たにもと乳業","平成19年12月"
"DJW552","徳用紅茶","300ml","1,210","株式会社 ブラック・ルシアンバイオ","平成15年09月"
"KUX553","料理用紅茶","1050ml","1,690"," レトーイケミカル 株式会社","平成15年08月"
"IQY554","天然緑茶","650ml","1,460"," 菅原製糖 株式会社","平成13年06月"
"TVX555","おいしい牛乳","950ml","1,040","たにもと・瀬戸製糖 株式会社","平成22年06月"
"JLV556","からだにやさしいチーズ","400g","860"," 株式会社 パアエアリ水産","平成22年12月"
"CXY557","健康ジャム","450g","1,180","田代ケミカル 株式会社","平成16年10月"
"CHR558","料理用緑茶","650ml","1,780","株式会社 フェネグリークサイエンス","平成20年05月"
"JMY559","純正お茶","1150ml","570","株式会社 ブラック・ルシアンバイオ","平成19年01月"
"LNV560","極旨お茶","350ml","870"," 野中ケミカル 株式会社","平成13年12月"
"GHM561","みんなの豆乳","1100ml","410","株式会社 リスクモンス水産","平成21年09月"
"GMQ562","大自然のウーロン茶","1200ml","1,430","テーラー・バートン化学 株式会社","平成19年03月"
"FUZ563","ヘルシーオリーブオイル","1200ml","1,470","カイヤナイト乳業 株式会社","平成18年11月"
"AHQ564","大自然の牛乳","750ml","1,290"," 株式会社 ブラック・マリー乳業","平成16年04月"
"IWY565","エクストラチーズ","350g","880","パアエアリ化学 株式会社","平成21年03月"
"BKW566","最高級チョコレート","850g","990","株式会社 にしお化学","平成21年05月"
"LVZ567","純正塩","550g","1,270","アイガー製パン 株式会社","平成19年01月"
"KMO568","料理用コーヒー","500ml","490"," ライトシス・リスクモンスケミカル 株式会社","平成21年11月"
"EPQ569","エクストラオリーブオイル","1050ml","1,510","株式会社 ブル・ショット乳業","平成21年09月"
"KSV570","プレミアムお酢","1150ml","1,770"," クエアデメ化学工業 株式会社","平成13年03月"
"PRT571","フレッシュスライスチーズ","1150g","730"," 株式会社 ビッグ・アップル食品工業","平成22年05月"
"EMX572","高級豆乳","500ml","1,760","株式会社 フェンネルシードバイオ","平成18年11月"
"JOV573","熟成マーガリン","800g","1,560","株式会社 ハルタジデケミカル","平成17年02月"
"HNZ574","プレミアムオリーブオイル","1150ml","350","カーネリアン水産 株式会社","平成13年01月"
"AKY575","今までなかったスライスチーズ","1000g","760","株式会社 テーラー・バートン水産","平成19年10月"
"JKS576","おいしいスライスチーズ","400g","650"," 株式会社 西原化学工業","平成22年11月"
"DHZ577","健康チーズ","850g","1,570"," ナカジマ乳業 株式会社","平成19年11月"
"KPZ578","最高級オリーブオイル","650ml","1,290","ギャラクシーケミカル 株式会社","平成20年07月"
"IOU579","天然ガーリック","1150g","1,710","バーバラ・バラライカケミカル 株式会社","平成22年02月"
"CLP580","大自然のチーズ","600g","510"," 梅田・大竹製糖 株式会社","平成20年09月"
"RUX581","おいしいマーガリン","400g","550","株式会社 田代乳業","平成20年02月"
"BFM582","高級チーズ","550g","1,710","株式会社 瀬戸化学","平成12年06月"
"AKM583","おいしいチョコレート","650g","300","ダッドリー・ダイヤモンド・ダルヤー・ヌール食品工業 株式会社","平成17年04月"
"NQR584","おいしいお酢","1100ml","910"," 株式会社 フェンネルシード食品","平成21年05月"
"LSW585","徳用オリーブオイル","850ml","320","株式会社 松井食品","平成17年03月"
"DEF586","デラックス牛乳","1150ml","930","株式会社 ブラック・マリー乳業","平成19年10月"
"JMQ587","徳用オリーブオイル","550ml","1,250","株式会社 大竹ケミカル","平成15年05月"
"CRY588","徳用お酢","700ml","590","カーネリアン食品 株式会社","平成19年10月"
"GQY589","健やかガーリック","300g","490","株式会社 クエアデメフード","平成22年12月"
"AES590","エクストラコーヒー牛乳","850ml","890","ハーベイ・ウォールバンガー・ブラック・ルシアン乳業 株式会社","平成15年02月"
"ILV591","デラックスウーロン茶","550ml","730"," クエアデメ化学工業 株式会社","平成17年05月"
"JMY592","奇跡のジャム","950g","450"," フェンネルシード食品 株式会社","平成19年08月"
"NUW593","からだにやさしいチーズ","1150g","530","ニシハラ水産 株式会社","平成16年06月"
"EQU594","純正抹茶","900ml","890"," 株式会社 パアエアリ産業","平成22年03月"
"BHJ595","極上粉チーズ","550g","1,470"," 株式会社 ブラック・マリー水産","平成18年01月"
"DFO596","プレミアムコーヒー","300ml","840","株式会社 ギャラクシー乳業","平成20年04月"
"MOX597","料理用チーズ","350g","1,030"," 株式会社 千葉食品工業","平成17年06月"
"ACF598","ヘルシー牛乳","550ml","990","西原乳業 株式会社","平成18年12月"
"BPQ599","ミルキー塩","300g","910"," グラント・スカイ食品 株式会社","平成22年02月"
"BPV600","大自然のコーヒー牛乳","1150ml","1,450","ダッドリー・ダイヤモンド産業 株式会社","平成17年05月"
"AJZ601","ミルキーお酢","800ml","1,030","カスターノ製糖 株式会社","平成13年09月"
"BHP602","デリシャスジャム","400g","1,190","株式会社 フクナガバイオ","平成22年10月"
"ORW603","徳用チーズ","300g","1,760","株式会社 落合ケミカル","平成18年07月"
"LVZ604","高級緑茶","750ml","1,290","株式会社 センダ水産","平成18年07月"
"AMW605","大自然のガーリック","1050g","470","株式会社 ニースノアンバイオ","平成18年07月"
"CFP606","オリジナルコーヒー牛乳","300ml","840"," 株式会社 アトラスフード","平成13年08月"
"ENV607","天然ウーロン茶","950ml","1,400"," ふくなが食品工業 株式会社","平成13年08月"
"BIO608","健康オリーブオイル","1150ml","1,680","株式会社 アトラス乳業","平成22年09月"
"HQV609","今までなかった豆乳","350ml","450","あらきフード 株式会社","平成19年04月"
"BTY610","からだよろこぶ粉チーズ","750g","1,640"," えんでん乳業 株式会社","平成15年11月"
"GPT611","ヘルシーお茶","700ml","1,250","まつうら・吉岡ケミカル 株式会社","平成21年08月"
"CFW612","健やかコーヒー","1200ml","330","株式会社 えんでんケミカル","平成22年03月"
"CJV613","奇跡のバター","750g","590","やなぎバイオ 株式会社","平成21年04月"
"EIP614","エクストラスライスチーズ","450g","390"," みどりケミカル 株式会社","平成17年09月"
"CHU615","からだにやさしい塩","800g","670","株式会社 東亜ケミカル","平成14年04月"
"NRW616","最高級抹茶","750ml","350"," はやしだ水産 株式会社","平成13年07月"
"BJZ617","純正牛乳","600ml","1,590","株式会社 サバネマローンケミカル","平成15年02月"
"FMY618","フレッシュミネラルウォーター","400ml","310"," 堤製糖 株式会社","平成21年01月"
"MVX619","熟成紅茶","600ml","1,590"," 株式会社 柳産業","平成18年02月"
"HUV620","おいしいマーガリン","650g","1,290","株式会社 ポーリンバイオレット乳業","平成17年03月"
"FJV621","プレミアムチョコレート","950g","1,760","東アジア製糖 株式会社","平成13年02月"
"NRS622","極上牛乳","450ml","1,790"," 株式会社 あらき乳業","平成16年07月"
"CJM623","極旨スライスチーズ","1200g","390"," 株式会社 西アジア食品工業","平成16年03月"
"KST624","デラックスミネラルウォーター","550ml","1,430","徳田ケミカル 株式会社","平成19年12月"
"EFZ625","みんなのコーヒー牛乳","300ml","530"," 株式会社 河原・新谷産業","平成18年02月"
"EQU626","料理用オリーブオイル","800ml","590"," 株式会社 フジサワ食品","平成18年08月"
"BIK627","大自然がくれたお茶","600ml","660","サバネマローン食品工業 株式会社","平成20年06月"
"LNS628","大自然がくれたウーロン茶","650ml","940","シャンベリー・ニースノアンフード 株式会社","平成19年07月"
"LVX629","からだにやさしいマーガリン","550g","450"," 株式会社 川合乳業","平成20年05月"
"AQS630","健やかコーヒー","450ml","1,090"," エンデンフード 株式会社","平成18年11月"
"BUY631","今までなかった抹茶","850ml","1,230"," ツツミ食品工業 株式会社","平成17年04月"
"ENX632","からだにやさしいチーズ","1150g","380"," 株式会社 シルバー化学工業","平成17年01月"
"IKV633","高級豆乳","900ml","1,660"," 株式会社 カスターノケミカル","平成12年12月"
"MOU634","純正スライスチーズ","1200g","1,170"," 株式会社 バルビゾン食品","平成19年03月"
"JMR635","大自然がくれたガーリック","600g","1,140","まつのケミカル 株式会社","平成17年08月"
"TXZ636","今までなかったコーヒー牛乳","1050ml","1,450"," 株式会社 トラスト水産","平成12年09月"
"LUZ637","みんなのミネラルウォーター","850ml","1,250","大坪水産 株式会社","平成21年11月"
"ELV638","フレッシュミネラルウォーター","750ml","800","バルビゾン産業 株式会社","平成16年03月"
"DKW639","料理用牛乳","850ml","940"," 東亜製糖 株式会社","平成15年09月"
"JSY640","プレミアムお酢","550ml","1,560"," 株式会社 真鍋ケミカル","平成13年02月"
"DIN641","ヘルシーチョコレート","1200g","390","株式会社 帝国・東アジアケミカル","平成16年06月"
"AGU642","極旨コーヒー牛乳","1100ml","1,380","川合乳業 株式会社","平成18年05月"
"IKY643","エクストラ緑茶","1100ml","1,030","エクスターテ・エビット水産 株式会社","平成18年11月"
"NUY644","大自然の豆乳","1200ml","440"," ポーリンバイオレットケミカル 株式会社","平成19年11月"
"BHI645","デラックスジャム","700g","840","真鍋ケミカル 株式会社","平成13年11月"
"IOY646","純正豆乳","950ml","1,180","サバネマローンケミカル 株式会社","平成17年08月"
"UVX647","大自然のウーロン茶","650ml","850","はやしだフード 株式会社","平成18年09月"
"KLQ648","デラックスお酢","850ml","1,090"," カモミーユ水産 株式会社","平成12年07月"
"BHI649","天然お茶","1050ml","1,610","株式会社 エビット水産","平成16年06月"
"BTZ650","純正スライスチーズ","400g","770","株式会社 荻原・おぎわら産業","平成22年01月"
"ACI651","奇跡のミネラルウォーター","600ml","540","大坪フード 株式会社","平成12年09月"
"ILW652","エクストラスライスチーズ","850g","1,770"," 株式会社 横井ケミカル","平成16年09月"
"KOT653","今までなかったオリーブオイル","400ml","910","徳田食品工業 株式会社","平成17年10月"
"PWX654","天然緑茶","1050ml","1,430"," よしおか水産 株式会社","平成13年10月"
"CIN655","からだにやさしいコーヒー","850ml","1,540","株式会社 柳ケミカル","平成20年06月"
"AMV656","健やか粉チーズ","350g","1,130"," 株式会社 バルビゾンフード","平成19年12月"
"HKR657","おいしい紅茶","550ml","780","株式会社 サンマーク・オメガバイオ","平成19年02月"
"AGL658","高級チーズ","600g","1,260","株式会社 トラストバイオ","平成19年03月"
"KMT659","健康塩","700g","1,620","株式会社 川合化学","平成16年05月"
"PUY660","奇跡のガーリック","1100g","390","徳田乳業 株式会社","平成15年04月"
"QUY661","ミルキーお酢","550ml","1,250","株式会社 藤沢化学","平成21年01月"
"BPR662","おいしい紅茶","850ml","1,310","株式会社 堤化学工業","平成17年03月"
"BTW663","料理用緑茶","850ml","590","株式会社 荒木化学","平成16年05月"
"KOP664","料理用マーガリン","900g","710"," 株式会社 エンデン食品工業","平成15年05月"
"CJZ665","高級お酢","350ml","1,440","株式会社 松野食品工業","平成13年10月"
"EIQ666","ミルキースライスチーズ","300g","920","千田産業 株式会社","平成20年09月"
"IMU667","オリジナルガーリック","700g","390","ブランシェ食品工業 株式会社","平成19年10月"
"FOX668","熟成粉チーズ","750g","530","やなぎ産業 株式会社","平成13年08月"
"FMX669","健康緑茶","650ml","1,400"," 小池乳業 株式会社","平成19年08月"
"UWY670","からだにやさしい豆乳","1000ml","1,700"," のざき化成工業 株式会社","平成15年06月"
"FRX671","ヘルシーチョコレート","700g","550","株式会社 徳田乳業","平成22年01月"
"HMZ672","極上塩","400g","1,190","千田化学 株式会社","平成13年04月"
"AFW673","みんなのウーロン茶","1150ml","1,240","東亜化学 株式会社","平成20年06月"
"ACV674","エクストラ牛乳","600ml","360"," 落合ケミカル 株式会社","平成19年08月"
"CIT675","天然オリーブオイル","850ml","1,080","あらき食品工業 株式会社","平成14年04月"
"GWX676","からだよろこぶ緑茶","300ml","720","クリエイト食品工業 株式会社","平成17年10月"
"FIO677","からだよろこぶ抹茶","500ml","810","堤化学工業 株式会社","平成20年06月"
"CHN678","最高級スライスチーズ","1100g","330","エビット水産 株式会社","平成16年07月"
"FGT679","天然豆乳","950ml","1,290","落合ケミカル 株式会社","平成17年06月"
"BHI680","徳用塩","1100g","1,440"," 株式会社 林田食品工業","平成15年08月"
"CQU681","からだにやさしいスライスチーズ","1050g","860","ブランシェ乳業 株式会社","平成19年08月"
"ERY682","純正お茶","450ml","1,480","株式会社 オオツボ食品","平成13年01月"
"KQR683","からだよろこぶ紅茶","350ml","1,600"," はたけ・荻原サイエンス 株式会社","平成20年05月"
"AHY684","料理用ジャム","600g","920","ドリームホワイト・バルビゾン食品工業 株式会社","平成16年11月"
"BOW685","熟成マーガリン","550g","1,580","デルーホＪＳ食品工業 株式会社","平成14年04月"
"MOX686","極上ガーリック","1000g","1,790"," 株式会社 えんでん化学","平成20年04月"
"GSX687","天然ジャム","400g","1,160","矢島・福永ケミカル 株式会社","平成21年06月"
"HIO688","大自然の抹茶","600ml","1,760","株式会社 矢島・やじま化学工業","平成12年05月"
"EQV689","おいしい緑茶","1200ml","1,570","株式会社 つつみ乳業","平成19年08月"
"FJM690","天然紅茶","750ml","420","パロスビエンヌ水産 株式会社","平成17年01月"
"ANZ691","エクストラ塩","1200g","1,220"," 株式会社 堤食品工業","平成22年09月"
"EOR692","デリシャス豆乳","800ml","590"," 株式会社 バルビゾン・パロスビエンヌ化学","平成12年08月"
"TUV693","ヘルシーチョコレート","400g","1,330"," 帝国・東アジアケミカル 株式会社","平成21年10月"
"IOR694","極旨ミネラルウォーター","1050ml","1,340","おおつぼケミカル 株式会社","平成15年12月"
"HMP695","おいしいコーヒー","1150ml","1,370","株式会社 大坪食品工業","平成16年07月"
"UWX696","エクストラ牛乳","700ml","610","やなぎ乳業 株式会社","平成15年07月"
"CFG697","極旨抹茶","900ml","1,750","林田フード 株式会社","平成21年05月"
"EMN698","熟成コーヒー","400ml","1,530","真鍋食品工業 株式会社","平成16年04月"
"GJP699","デラックスオリーブオイル","750ml","990","株式会社 のざき産業","平成15年07月"
"GUY700","純正オリーブオイル","1050ml","460","株式会社 川合食品工業","平成22年03月"
"DNP701","からだにやさしいバター","1100g","1,530","株式会社 武藤乳業","平成19年09月"
"COX702","高級マーガリン","350g","1,080"," シトリン化学 株式会社","平成12年05月"
"ALN703","プレミアムチョコレート","700g","830","ジルコン食品工業 株式会社","平成13年03月"
"LNS704","フレッシュ豆乳","750ml","1,040"," 株式会社 スギタフード","平成13年07月"
"BJY705","今までなかった抹茶","650ml","480","遠山食品 株式会社","平成22年10月"
"DHQ706","ヘルシー緑茶","850ml","790"," 横井乳業 株式会社","平成17年12月"
"AIZ707","デリシャス紅茶","1000ml","710"," 相原・とおやま乳業 株式会社","平成14年05月"
"JUV708","みんなのジャム","850g","430","株式会社 みやじ乳業","平成16年02月"
"BLY709","奇跡の塩","400g","1,000"," 角田化学 株式会社","平成12年02月"
"JMY710","健康ミネラルウォーター","900ml","620"," 株式会社 えんどう・田村食品","平成21年11月"
"DEZ711","極旨オリーブオイル","1000ml","890","株式会社 豊田食品工業","平成12年07月"
"KMQ712","大自然の粉チーズ","1150g","650","株式会社 大津ケミカル","平成17年05月"
"IMN713","極上コーヒー牛乳","300ml","1,030"," おの・たむら水産 株式会社","平成14年09月"
"BNV714","大自然がくれた牛乳","750ml","1,040"," 株式会社 矢島・福永化学","平成21年12月"
"ACN715","デラックスコーヒー","650ml","650"," 株式会社 すぎた化学","平成19年02月"
"DGV716","料理用お茶","700ml","1,410","林田食品工業 株式会社","平成17年04月"
"GOX717","天然ウーロン茶","650ml","1,020"," イタガキケミカル 株式会社","平成18年09月"
"BOP718","純正お酢","550ml","1,000","いしざきフード 株式会社","平成16年05月"
"IKR719","からだよろこぶチーズ","1100g","1,710","株式会社 宮地食品","平成12年09月"
"CKN720","おいしいガーリック","1000g","1,370"," 遠山化学 株式会社","平成16年04月"
"NQT721","ミルキースライスチーズ","300g","1,170","株式会社 もうり乳業","平成16年10月"
"IMW722","熟成ウーロン茶","850ml","1,250"," 株式会社 ジルコン乳業","平成21年09月"
"DRV723","エクストラミネラルウォーター","600ml","1,290","ぬまた水産 株式会社","平成19年09月"
"FQR724","健やかオリーブオイル","1150ml","1,580","株式会社 ヌマタケミカル","平成19年01月"
"AUZ725","オリジナルチョコレート","1000g","1,200","田村化学 株式会社","平成15年11月"
"DRU726","徳用ジャム","1100g","1,140","サンセット食品工業 株式会社","平成20年05月"
"GMQ727","最高級粉チーズ","500g","730","東亜水産 株式会社","平成20年03月"
"FXY728","プレミアム抹茶","350ml","1,480","株式会社 いたがき産業","平成12年10月"
"KNQ729","最高級コーヒー","1100ml","1,010"," サンセットケミカル 株式会社","平成13年09月"
"ADW730","ミルキー塩","750g","890"," 株式会社 マツシマ製糖","平成13年03月"
"DEM731","健やか塩","900g","570"," ぬまた水産 株式会社","平成14年09月"
"FLP732","徳用ジャム","900g","710"," 毛利化学工業 株式会社","平成16年09月"
"EGM733","大自然のガーリック","600g","360","まつしま産業 株式会社","平成22年04月"
"ACZ734","天然粉チーズ","1050g","880","株式会社 田村化学工業","平成13年10月"
"INR735","ヘルシーチーズ","700g","1,170","株式会社 ミムラ化学","平成17年04月"
"COR736","おいしいマーガリン","500g","1,660","東アジア化学工業 株式会社","平成18年11月"
"OQS737","健康チーズ","800g","1,310"," たいら・大江フード 株式会社","平成20年03月"
"GOR738","今までなかったコーヒー牛乳","950ml","330"," 毛利・もうり乳業 株式会社","平成12年01月"
"KMW739","今までなかったジャム","750g","1,550","株式会社 川田ボトリング","平成19年01月"
"BNU740","オリジナル抹茶","700ml","1,000"," 株式会社 ジェオードバイオ","平成13年03月"
"PRV741","最高級お茶","1200ml","1,140","株式会社 ふくながバイオ","平成20年01月"
"HMQ742","フレッシュ塩","950g","1,360","株式会社 もうり食品工業","平成22年02月"
"BGZ743","デリシャス抹茶","400ml","350","株式会社 横井ケミカル","平成16年12月"
"HTX744","大自然がくれたミネラルウォーター","950ml","1,480"," 株式会社 板垣フード","平成18年05月"
"BIL745","高級コーヒー","1000ml","1,020"," 株式会社 モウリ食品工業","平成18年04月"
"BLV746","大自然がくれたジャム","300g","1,040","かわのボトリング 株式会社","平成18年01月"
"AHI747","天然マーガリン","450g","1,480"," 株式会社 今井乳業","平成18年03月"
"IOR748","デリシャスコーヒー","300ml","690","株式会社 トオヤマ水産","平成14年04月"
"IUY749","奇跡のコーヒー牛乳","900ml","1,260","タムラバイオ 株式会社","平成17年04月"
"QRY750","オリジナル粉チーズ","300g","440"," 株式会社 横井ケミカル","平成12年04月"
"CDQ751","おいしいウーロン茶","700ml","410","株式会社 みやじフード","平成21年12月"
"ABH752","大自然がくれた抹茶","500ml","560","大津乳業 株式会社","平成19年12月"
"ACV753","おいしい豆乳","1200ml","1,640","いしざき水産 株式会社","平成21年01月"
"BDF754","極旨塩","700g","1,430"," 株式会社 田村化学","平成15年02月"
"AXZ755","からだよろこぶ塩","1150g","1,700","ぬまた化学工業 株式会社","平成15年05月"
"CNO756","ミルキー豆乳","450ml","530","かくだフード 株式会社","平成13年11月"
"FXY757","健やかミネラルウォーター","700ml","920","石崎製糖 株式会社","平成13年10月"
"HRS758","天然抹茶","800ml","1,410"," 株式会社 とよた水産","平成15年09月"
"EGN759","ミルキースライスチーズ","1200g","1,770"," とおやま水産 株式会社","平成16年06月"
"LQT760","熟成チーズ","1050g","1,250","高見水産 株式会社","平成19年01月"
"EFP761","オリジナル粉チーズ","700g","580"," 宮地乳業 株式会社","平成19年01月"
"GNU762","みんなの豆乳","900ml","600"," ジルコン食品工業 株式会社","平成22年03月"
"DOY763","デラックス粉チーズ","850g","350","おの・今井ケミカル 株式会社","平成16年03月"
"CKS764","フレッシュ紅茶","650ml","1,070","株式会社 いしざきフード","平成19年11月"
"EKX765","からだにやさしい牛乳","1050ml","1,260","杉田フード 株式会社","平成14年10月"
"GHJ766","大自然の紅茶","450ml","530","武藤乳業 株式会社","平成14年06月"
"HMR767","プレミアムマーガリン","950g","930"," カクダ食品工業 株式会社","平成20年01月"
"EQV768","徳用粉チーズ","700g","1,130","株式会社 カワタ食品","平成16年09月"
"COT769","からだにやさしい塩","1100g","1,380","宮地食品工業 株式会社","平成20年02月"
"GKP770","極旨塩","500g","1,120","株式会社 オハラ乳業","平成18年12月"
"DFG771","からだにやさしいミネラルウォーター","300ml","1,370"," 株式会社 たいら・大江化成工業","平成17年01月"
"IMY772","今までなかったお酢","400ml","980","株式会社 東亜乳業","平成20年04月"
"LMV773","天然バター","450g","1,560","東アジア製糖 株式会社","平成12年07月"
"CKR774","プレミアム紅茶","750ml","1,580"," 福永製糖 株式会社","平成18年01月"
"EMX775","おいしいジャム","300g","1,080"," 株式会社 カリノ水産","平成12年03月"
"CGU776","料理用マーガリン","650g","1,090","わかまつボトリング 株式会社","平成22年05月"
"MTW777","極上チーズ","900g","1,520"," 三村フード 株式会社","平成17年02月"
"EPW778","プレミアムコーヒー","850ml","1,750","株式会社 とおやまケミカル","平成13年05月"
"DKV779","熟成ミネラルウォーター","1150ml","1,480","おはら・角田ケミカル 株式会社","平成21年11月"
"DJT780","徳用紅茶","700ml","560","ジェット食品工業 株式会社","平成21年06月"
"DWZ781","からだにやさしい豆乳","900ml","640"," 株式会社 西島ケミカル","平成17年03月"
"AMT782","料理用豆乳","1200ml","1,010","株式会社 マツシマケミカル","平成22年06月"
"ADM783","フレッシュお酢","900ml","630","みやじケミカル 株式会社","平成16年11月"
"DIN784","熟成ミネラルウォーター","1150ml","430"," デルーホＪＳ化学 株式会社","平成12年11月"
"AUY785","健やか粉チーズ","750g","450"," 株式会社 デルーホＪＳ乳業","平成14年10月"
"BCK786","デリシャスチョコレート","300g","1,160","株式会社 ジェード・ジェット乳業","平成14年11月"
"JLN787","今までなかったお酢","1200ml","1,040"," 株式会社 カリノ乳業","平成16年12月"
"PRS788","オリジナル牛乳","550ml","1,720","株式会社 松島産業","平成20年07月"
"QWZ789","高級牛乳","850ml","700"," 角田化学 株式会社","平成15年03月"
"BNT790","料理用お茶","650ml","850","杉田食品 株式会社","平成16年06月"
"APW791","健康バター","650g","1,370","横井食品工業 株式会社","平成13年03月"
"CVW792","からだにやさしいスライスチーズ","1150g","760","株式会社 東アジア水産","平成19年06月"
"NRS793","徳用バター","550g","810","株式会社 シェル化学","平成22年05月"
"HPS794","純正コーヒー牛乳","1150ml","450","株式会社 宮地製糖","平成16年05月"
"EQX795","からだにやさしいお茶","600ml","1,010","松島水産 株式会社","平成13年10月"
"DPR796","おいしいお酢","1050ml","420","株式会社 林田水産","平成18年06月"
"GUV797","ミルキーウーロン茶","300ml","740"," 株式会社 かりの食品","平成19年11月"
"ATY798","ミルキーウーロン茶","950ml","1,230"," 三村水産 株式会社","平成12年10月"
"CDQ799","純正チョコレート","600g","930"," いたがきバイオ 株式会社","平成16年04月"
"JNX800","おいしいオリーブオイル","1000ml","1,130","株式会社 ヌマタ産業","平成17年05月"
"EFV801","フレッシュガーリック","350g","1,270","株式会社 ドレスデン・グリーンフード","平成16年11月"
"ADX802","料理用オリーブオイル","300ml","1,340","サンセットケミカル 株式会社","平成16年02月"
"DKP803","今までなかった紅茶","900ml","770","西アジア製糖 株式会社","平成14年11月"
"ART804","奇跡のチーズ","1200g","1,400","株式会社 森下・かんだ食品工業","平成18年07月"
"GKP805","みんなの抹茶","1200ml","1,500"," 株式会社 サルビア産業","平成16年05月"
"JXZ806","プレミアムチョコレート","400g","600"," 株式会社 サルビア乳業","平成17年03月"
"ABT807","ヘルシーミネラルウォーター","1000ml","1,410","株式会社 シビラノブレスグリーンホワイト食品工業","平成21年12月"
"KOY808","デラックスマーガリン","600g","1,300"," サルビア化学工業 株式会社","平成15年12月"
"IQY809","オリジナルコーヒー牛乳","800ml","910"," ティアラトワエモアケミカル 株式会社","平成19年04月"
"GRY810","からだよろこぶ豆乳","300ml","1,420","株式会社 カミーラグリーンケミカル","平成18年07月"
"DFM811","エクストラスライスチーズ","600g","1,490"," ダルヤー・ヌール製糖 株式会社","平成12年12月"
"BIJ812","極旨お酢","650ml","1,030","株式会社 はまだ・小松食品工業","平成20年06月"
"IPQ813","健康粉チーズ","900g","1,000","株式会社 みどり食品工業","平成14年03月"
"HKR814","高級牛乳","550ml","1,680","株式会社 エベレスト乳業","平成13年01月"
"CRU815","大自然のコーヒー","900ml","1,020","キリマンジャロ産業 株式会社","平成15年05月"
"FNZ816","熟成お茶","1000ml","1,760","株式会社 イルザエール・コイスルマーメイド食品化工","平成15年05月"
"DEF817","純正バター","1150g","1,530"," 株式会社 シルバーケミカル","平成15年02月"
"BKY818","ミルキー緑茶","550ml","860","サクマ化学 株式会社","平成19年09月"
"JKX819","健やかウーロン茶","1000ml","450","株式会社 東亜フード","平成14年09月"
"BOS820","大自然がくれた塩","950g","1,500","株式会社 テーラー・バートン化学工業","平成22年08月"
"KSV821","からだにやさしいジャム","650g","830","株式会社 もりした・塚本乳業","平成15年08月"
"DGN822","極上塩","400g","820","コマツ化学工業 株式会社","平成22年03月"
"BPT823","徳用コーヒー牛乳","900ml","1,190","ドルチェオータム乳業 株式会社","平成21年06月"
"FRV824","天然抹茶","1100ml","1,140","株式会社 クリエイトボトリング","平成19年07月"
"JLU825","デリシャスお酢","850ml","1,680","浜田・いちかわ水産 株式会社","平成22年11月"
"HKO826","最高級ジャム","450g","1,090","株式会社 田淵食品","平成21年02月"
"EFJ827","おいしい抹茶","300ml","800","株式会社 ルーセントケミカル","平成20年07月"
"BTY828","ミルキーミネラルウォーター","1150ml","1,750","株式会社 かどわき水産","平成22年04月"
"KLS829","高級ガーリック","800g","980"," 株式会社 サンリッチ水産","平成13年07月"
"GSV830","健康マーガリン","600g","1,080","株式会社 タブチサイエンス","平成17年09月"
"DLS831","大自然のミネラルウォーター","750ml","1,680","滝口乳業 株式会社","平成22年03月"
"DJT832","徳用ウーロン茶","750ml","1,390"," 高野化学 株式会社","平成15年01月"
"LWX833","オリジナル抹茶","750ml","1,490","株式会社 テーラー・バートンフード","平成15年07月"
"BVW834","フレッシュ紅茶","600ml","1,180","テーラー・バートンケミカル 株式会社","平成12年12月"
"DNZ835","フレッシュガーリック","900g","1,210","株式会社 東亜製糖","平成13年05月"
"CNU836","からだよろこぶお茶","800ml","510","株式会社 東亜ケミカル","平成12年07月"
"DGX837","最高級チーズ","1150g","960","株式会社 のがみ・たぶち産業","平成22年11月"
"DLR838","おいしい紅茶","550ml","1,540","株式会社 コイスルマーメイド・サニーピーチ化学","平成18年08月"
"ILV839","天然塩","800g","1,670","サクマ化学 株式会社","平成21年03月"
"BHI840","フレッシュ塩","1000g","810","ディープディーン食品 株式会社","平成13年10月"
"FOX841","健やかミネラルウォーター","600ml","350","株式会社 ダグラスマッカーサー水産","平成18年09月"
"HKR842","純正塩","350g","1,300","キリマンジャロ乳業 株式会社","平成14年05月"
"BEU843","デリシャスガーリック","800g","1,090","コマツ水産 株式会社","平成14年03月"
"NSZ844","エクストラお酢","500ml","650","株式会社 イルザエール・コイスルマーメイドフード","平成13年11月"
"MSV845","からだにやさしいお茶","800ml","660"," 株式会社 水野乳業","平成13年07月"
"ABU846","熟成ウーロン茶","650ml","1,110","株式会社 テーラー・バートン乳業","平成21年03月"
"DYZ847","からだよろこぶチョコレート","650g","1,600"," 株式会社 パーズ・ダルヤー・ヌール食品工業","平成12年08月"
"AGY848","健やか豆乳","650ml","890","株式会社 ディープディーンフード","平成19年03月"
"GLV849","奇跡のコーヒー","350ml","1,290"," 株式会社 ハート・オブ・エタニティ乳業","平成16年09月"
"BLN850","徳用塩","450g","930","ゼノンパールズ水産 株式会社","平成14年05月"
"NPV851","フレッシュガーリック","650g","1,730","株式会社 たぶち食品工業","平成22年01月"
"FRZ852","エクストラミネラルウォーター","800ml","1,500","株式会社 サンリッチ製糖","平成17年01月"
"BET853","大自然の豆乳","450ml","430","もも・サルビア乳業 株式会社","平成15年07月"
"ACY854","ミルキーコーヒー牛乳","300ml","650"," 株式会社 帝国バイオ","平成18年09月"
"NQS855","大自然がくれた牛乳","650ml","540","シクラメン乳業 株式会社","平成15年07月"
"DVZ856","エクストラ牛乳","450ml","520"," カミーラグリーンケミカル 株式会社","平成18年08月"
"NOT857","ミルキー緑茶","950ml","1,720","サンリッチ食品工業 株式会社","平成13年11月"
"EWY858","ミルキーチーズ","1100g","1,320","トラスト食品工業 株式会社","平成21年11月"
"JSV859","最高級牛乳","900ml","1,270","株式会社 サクラサイエンス","平成16年08月"
"BNQ860","極旨お茶","450ml","1,400","イチカワボトリング 株式会社","平成21年06月"
"IMR861","ヘルシーチーズ","500g","1,370"," 手島乳業 株式会社","平成13年07月"
"ADF862","極上ガーリック","900g","1,620"," 株式会社 ミドリ食品工業","平成19年03月"
"FGI863","エクストラミネラルウォーター","400ml","1,350","株式会社 サンセット乳業","平成19年11月"
"GQV864","純正マーガリン","1150g","590"," 株式会社 つかもと水産","平成15年05月"
"ARU865","極上豆乳","500ml","370","株式会社 シビラノブレスグリーンホワイト水産","平成15年12月"
"QTZ866","大自然がくれたオリーブオイル","350ml","600","サルビア食品 株式会社","平成21年03月"
"AQS867","大自然のオリーブオイル","700ml","410","株式会社 田淵・たぶち食品工業","平成13年11月"
"BEV868","今までなかった抹茶","350ml","640"," 株式会社 ゼノンパールズ化学","平成18年07月"
"FQW869","極上コーヒー牛乳","400ml","1,500"," 株式会社 カドワキ製糖","平成17年07月"
"BES870","デラックスバター","1200g","1,420"," 株式会社 水野乳業","平成21年05月"
"XYZ871","奇跡のチョコレート","1000g","1,310"," ザゼンソウ化学工業 株式会社","平成18年09月"
"CNR872","フレッシュコーヒー牛乳","850ml","1,280","株式会社 ゼノンパールズケミカル","平成17年02月"
"DVZ873","徳用スライスチーズ","700g","1,160","株式会社 ヴィンソン・マシフ乳業","平成12年09月"
"JLR874","ヘルシーチョコレート","500g","1,680"," ザゼンソウ化学 株式会社","平成22年09月"
"DJQ875","デリシャス粉チーズ","400g","830"," サンリッチフード 株式会社","平成15年08月"
"GIL876","極旨豆乳","500ml","1,790"," 株式会社 オメガサイエンス","平成17年08月"
"GOY877","徳用チョコレート","750g","1,620","カンダ水産 株式会社","平成14年10月"
"KXY878","高級チーズ","1000g","1,590","株式会社 西アジア乳業","平成21年02月"
"ASX879","からだにやさしいチーズ","500g","810"," 株式会社 サルビアフード","平成15年09月"
"FIV880","純正塩","850g","1,380"," 株式会社 シコンノボタン乳業","平成19年10月"
"NOP881","熟成紅茶","650ml","520"," 株式会社 シルバー化学工業","平成17年09月"
"EGI882","健やかお茶","300ml","690","サンリッチ水産 株式会社","平成14年10月"
"FHQ883","料理用スライスチーズ","800g","530","田淵食品化工 株式会社","平成15年04月"
"ELO884","大自然がくれたコーヒー牛乳","650ml","630","株式会社 シビラノブレスグリーンホワイトフード","平成16年05月"
"BGS885","みんなの緑茶","300ml","550","株式会社 シビラノブレスグリーンホワイトフード","平成16年08月"
"FLM886","エクストラスライスチーズ","800g","1,650"," 門脇ボトリング 株式会社","平成16年09月"
"RXY887","大自然のコーヒー","700ml","1,010"," かどわき水産 株式会社","平成20年10月"
"DHQ888","エクストラマーガリン","1000g","850","株式会社 サクマケミカル","平成18年06月"
"EIK889","健康チョコレート","450g","1,080"," サニーピーチ化学 株式会社","平成22年11月"
"DHS890","極旨コーヒー","850ml","1,200","キリマンジャロ化学 株式会社","平成19年03月"
"DOS891","からだよろこぶお酢","1100ml","720","株式会社 ティアラトワエモアフード","平成18年07月"
"CJL892","極旨紅茶","1200ml","1,660","みどり食品工業 株式会社","平成16年11月"
"DLU893","高級コーヒー","550ml","1,350","株式会社 デルーホＪＳ化学","平成17年12月"
"INR894","熟成ウーロン茶","350ml","1,040"," 植田乳業 株式会社","平成15年06月"
"CPQ895","熟成オリーブオイル","1200ml","1,280"," ダグラスマッカーサーフード 株式会社","平成19年08月"
"DLZ896","フレッシュジャム","950g","1,160","ヴィンソン・マシフフード 株式会社","平成18年11月"
"NTX897","徳用オリーブオイル","950ml","540","イルザエール・ステラスピカセピア乳業 株式会社","平成12年09月"
"BIJ898","デラックスオリーブオイル","450ml","1,290"," デルーホＪＳフード 株式会社","平成15年03月"
"EGR899","料理用スライスチーズ","300g","530","コマツ乳業 株式会社","平成18年10月"
"DNZ900","最高級ミネラルウォーター","750ml","740"," サニーピーチバイオ 株式会社","平成19年06月"
"AIZ901","徳用コーヒー","700ml","570","株式会社 アテネアンビアンス化学","平成16年03月"
"COX902","フレッシュミネラルウォーター","550ml","1,050","アヤメ乳業 株式会社","平成20年11月"
"BQS903","健やかチーズ","650g","1,550","トライアングルケミカル 株式会社","平成14年10月"
"BJX904","デラックス牛乳","1200ml","1,370"," 株式会社 おくむら・桑原乳業","平成17年02月"
"DGN905","熟成ウーロン茶","1200ml","1,770","アテネアンビアンス製糖 株式会社","平成22年03月"
"ALX906","料理用スライスチーズ","1150g","1,250"," 株式会社 倉田ボトリング","平成16年03月"
"ACP907","ヘルシー抹茶","1050ml","1,280","ヌマタ水産 株式会社","平成20年10月"
"BIZ908","高級チョコレート","300g","780","株式会社 タムラバイオ","平成12年05月"
"KQY909","今までなかった塩","800g","1,190","株式会社 比嘉ケミカル","平成20年08月"
"STU910","オリジナルお酢","1100ml","1,420"," 株式会社 いまい水産","平成21年04月"
"INX911","天然お茶","700ml","860","片岡フード 株式会社","平成13年12月"
"EGO912","エクストラバター","850g","700"," 株式会社 大橋・まつうら食品工業","平成19年08月"
"GOQ913","デリシャス紅茶","1000ml","1,430","大木水産 株式会社","平成15年09月"
"UWZ914","からだにやさしい緑茶","300ml","1,230"," 株式会社 トライアングル製糖","平成20年02月"
"PVZ915","極上豆乳","850ml","1,450"," 竹下食品 株式会社","平成20年04月"
"HQW916","健康ジャム","850g","340","西沢ケミカル 株式会社","平成19年02月"
"ADX917","みんなの粉チーズ","1150g","310"," 株式会社 福原食品工業","平成21年12月"
"EGW918","からだよろこぶオリーブオイル","950ml","1,110"," 株式会社 あさぎり・トライアングル食品工業","平成19年09月"
"SXY919","奇跡のコーヒー牛乳","1000ml","360","スターオブビューティー・バックランド食品工業 株式会社","平成18年08月"
"DQY920","大自然がくれたマーガリン","550g","1,680","株式会社 アサガオ食品工業","平成19年02月"
"JQV921","おいしいガーリック","1050g","520","アブラナ化学工業 株式会社","平成15年10月"
"MPX922","大自然のスライスチーズ","650g","980"," 福原・ふくはらケミカル 株式会社","平成21年03月"
"OSW923","プレミアム抹茶","1100ml","1,250"," 吉岡サイエンス 株式会社","平成18年03月"
"KNS924","ミルキー豆乳","1150ml","640","株式会社 小池乳業","平成14年10月"
"RTZ925","純正塩","800g","350"," かたおかバイオ 株式会社","平成20年11月"
"DOX926","極旨お酢","1050ml","730","株式会社 アカバナ乳業","平成15年02月"
"OTW927","最高級マーガリン","400g","610","株式会社 比嘉食品工業","平成15年05月"
"KOP928","純正ガーリック","700g","990","おの冷凍食品 株式会社","平成17年09月"
"CDE929","みんなのお酢","1100ml","1,250","株式会社 くろまつ食品工業","平成18年11月"
"EHM930","ミルキースライスチーズ","1200g","1,000","株式会社 あかまつケミカル","平成20年06月"
"BFR931","大自然がくれた緑茶","750ml","1,580","片桐食品工業 株式会社","平成15年10月"
"FKY932","からだにやさしい紅茶","550ml","350"," おおき産業 株式会社","平成16年06月"
"ANT933","デラックススライスチーズ","550g","520"," 田村ボトリング 株式会社","平成21年08月"
"ORV934","健康チョコレート","700g","1,380"," まつなが・片岡フード 株式会社","平成16年10月"
"VWX935","奇跡のお茶","500ml","940","かわの製糖 株式会社","平成21年10月"
"KYZ936","健康抹茶","850ml","1,720","アツモリソウ乳業 株式会社","平成12年10月"
"EGW937","ヘルシーオリーブオイル","1050ml","620","株式会社 アヤメ食品工業","平成14年04月"
"GKX938","純正お茶","400ml","1,060"," ケンザキルビー乳業 株式会社","平成16年06月"
"FMZ939","デラックス紅茶","900ml","1,490","株式会社 今井乳業","平成13年07月"
"EKR940","天然ガーリック","1200g","940","株式会社 石崎水産","平成14年11月"
"LNR941","熟成ガーリック","950g","760"," ぬまた化学 株式会社","平成18年04月"
"AKW942","大自然のコーヒー","300ml","320","たけしたケミカル 株式会社","平成22年12月"
"FOX943","みんなの抹茶","1200ml","500"," 株式会社 アネモネ食品","平成17年04月"
"CDY944","エクストラウーロン茶","650ml","1,500"," 株式会社 アカマツ製糖","平成22年01月"
"ABY945","料理用お茶","400ml","990"," 株式会社 おおき産業","平成17年05月"
"GRY946","極上スライスチーズ","600g","1,670","よしおかフード 株式会社","平成12年11月"
"CEX947","最高級マーガリン","950g","590"," 株式会社 くろまつ水産","平成14年01月"
"GOV948","エクストラ塩","600g","930","西本・いぐち製糖 株式会社","平成12年09月"
"JMS949","おいしいチーズ","800g","820","今井ケミカル 株式会社","平成16年08月"
"EVW950","奇跡のチーズ","1050g","370","石崎食品工業 株式会社","平成15年08月"
"BIR951","熟成塩","450g","350","株式会社 竹下食品工業","平成22年09月"
"NTU952","デリシャス牛乳","450ml","1,050","株式会社 ケンザキルビーフード","平成17年11月"
"AHQ953","健やかコーヒー","450ml","1,610"," パピリオ乳業 株式会社","平成15年09月"
"BGY954","からだにやさしいお酢","850ml","820","株式会社 あさぎり・キューブ製糖","平成20年01月"
"DJK955","からだよろこぶオリーブオイル","600ml","1,050","パピリオケミカル 株式会社","平成15年01月"
"AKZ956","からだにやさしい豆乳","800ml","820","株式会社 石崎化学工業","平成18年05月"
"GVZ957","オリジナル紅茶","800ml","420","株式会社 くろまつ食品工業","平成17年03月"
"FPU958","今までなかった紅茶","700ml","570"," 株式会社 アイ・ビー乳業","平成15年01月"
"LPX959","大自然がくれた豆乳","1000ml","1,150"," 株式会社 ふくはら食品工業","平成16年07月"
"CFX960","極旨緑茶","950ml","1,670","竹下乳業 株式会社","平成12年03月"
"FJP961","純正紅茶","1200ml","1,130","にしもと・井口フード 株式会社","平成18年12月"
"FRV962","みんなの牛乳","350ml","1,600","かたおか化学工業 株式会社","平成18年02月"
"ALY963","オリジナルマーガリン","350g","350","まつなが冷凍食品 株式会社","平成17年02月"
"HOY964","みんなのオリーブオイル","550ml","1,390","株式会社 今井フード","平成16年03月"
"ANP965","徳用コーヒー","400ml","740"," 株式会社 沼田乳業","平成21年04月"
"KRX966","オリジナルチーズ","400g","1,410","株式会社 シドニダズラー水産","平成21年08月"
"IRZ967","今までなかった牛乳","600ml","610","株式会社 フクハラフード","平成15年12月"
"AFW968","最高級ガーリック","350g","1,140","株式会社 アブラナ化学工業","平成14年04月"
"CIZ969","料理用コーヒー","950ml","1,190"," アオバナサイエンス 株式会社","平成17年08月"
"GHJ970","エクストラ牛乳","550ml","1,540","小野水産 株式会社","平成16年05月"
"MPX971","純正緑茶","400ml","1,730","おの・田村フード 株式会社","平成22年02月"
"AKT972","奇跡の粉チーズ","650g","1,340"," あかし食品 株式会社","平成13年10月"
"CKM973","極旨お茶","750ml","960"," 株式会社 石崎フード","平成15年02月"
"PQR974","大自然の粉チーズ","450g","1,640","タケシタケミカル 株式会社","平成17年11月"
"LVZ975","みんなのジャム","700g","1,420","株式会社 アジサイ化学工業","平成12年06月"
"FJK976","健やかチーズ","550g","1,690","片岡・桑原ケミカル 株式会社","平成15年09月"
"JLT977","大自然がくれたミネラルウォーター","450ml","540","株式会社 竹下水産","平成15年08月"
"CSU978","極上バター","950g","330"," 株式会社 くらた食品","平成20年10月"
"CFX979","ヘルシー緑茶","1100ml","500","あかばな水産 株式会社","平成17年02月"
"CKX980","デリシャス紅茶","900ml","1,430"," そよかぜケミカル 株式会社","平成12年12月"
"BLW981","奇跡のガーリック","350g","500","竹下乳業 株式会社","平成17年02月"
"BHQ982","大自然のバター","450g","650"," 株式会社 スフィア水産","平成20年04月"
"BHZ983","料理用塩","300g","390","倉田製糖 株式会社","平成17年02月"
"CFJ984","オリジナルお茶","350ml","640","株式会社 石崎食品工業","平成14年04月"
"DFI985","エクストラチーズ","800g","1,190"," 株式会社 アツモリソウサイエンス","平成20年07月"
"PUX986","デラックスお茶","1050ml","1,640","株式会社 たむら乳業","平成16年08月"
"ADS987","今までなかったお酢","1150ml","1,660","株式会社 いまい水産","平成17年12月"
"FIX988","健康チョコレート","400g","330"," エヌ・アイ・デイ食品工業 株式会社","平成21年05月"
"IPQ989","徳用マーガリン","1000g","1,390","株式会社 あかまつ製糖","平成17年11月"
"EIX990","徳用コーヒー牛乳","650ml","760","アヤメケミカル 株式会社","平成22年05月"
"BDP991","天然お茶","400ml","1,270"," スフィア冷凍食品 株式会社","平成21年04月"
"GOV992","デリシャス塩","1150g","920","カタオカ化学 株式会社","平成21年05月"
"AHJ993","エクストラマーガリン","450g","1,030"," 大橋・おおはしサイエンス 株式会社","平成13年04月"
"FLV994","ミルキーチョコレート","550g","1,560","株式会社 荒木乳業","平成14年06月"
"CLS995","奇跡の豆乳","550ml","1,730","福原食品工業 株式会社","平成15年02月"
"DJU996","からだにやさしいチョコレート","300g","1,260","株式会社 えんどう・たむら食品","平成14年06月"
"IKS997","デラックスマーガリン","750g","1,220","ルブラローマフード 株式会社","平成16年11月"
"ILU998","プレミアムジャム","900g","1,400","株式会社 タムラ化学工業","平成15年09月"
"BNP999","健やかジャム","600g","880"," かわの食品工業 株式会社","平成20年04月"
"IJY1000","オリジナル粉チーズ","350g","700","あらき食品工業 株式会社","平成17年05月"
